antal_sålda,gata,id
0,"Slutpriser bostäder - Centralplan, Stockholms kommun",475078
4,"Slutpriser bostäder - Gamla Brogatan, Stockholms kommun",475079
0,"Slutpriser bostäder - Vasagatan, Stockholms kommun",475080
0,"Slutpriser bostäder - Vasaplan, Stockholms kommun",475081
0,"Slutpriser bostäder - Östra Järnvägsgatan, Stockholms kommun",475082
0,"Slutpriser bostäder - Bryggargatan, Stockholms kommun",475083
89,"Slutpriser bostäder - Drottninggatan, Stockholms kommun",475084
0,"Slutpriser bostäder - Klara Vattugränd, Stockholms kommun",475085
3,"Slutpriser bostäder - Klara Västra Kyrkogata, Stockholms kommun",475086
0,"Slutpriser bostäder - Klarabergsgatan, Stockholms kommun",475087
0,"Slutpriser bostäder - Mäster Samuelsgatan, Stockholms kommun",475088
0,"Slutpriser bostäder - Karlbergsrampen, Stockholms kommun",475089
7,"Slutpriser bostäder - Klara Norra Kyrkogata, Stockholms kommun",475090
0,"Slutpriser bostäder - Klarastrandsleden, Stockholms kommun",475091
0,"Slutpriser bostäder - Korgmakargränd, Stockholms kommun",475092
0,"Slutpriser bostäder - Kungsbron, Stockholms kommun",475093
41,"Slutpriser bostäder - Kungsgatan, Stockholms kommun",475094
0,"Slutpriser bostäder - Målargatan, Stockholms kommun",475095
0,"Slutpriser bostäder - Norra Bantorget, Stockholms kommun",475096
47,"Slutpriser bostäder - Olof Palmes gata, Stockholms kommun",475097
0,"Slutpriser bostäder - Barnhusgatan, Stockholms kommun",475098
425,"Slutpriser bostäder - Dalagatan, Stockholms kommun",475099
0,"Slutpriser bostäder - Dalatrappan, Stockholms kommun",475100
7,"Slutpriser bostäder - Lilla Bantorget, Stockholms kommun",475101
476,"Slutpriser bostäder - Torsgatan, Stockholms kommun",475102
433,"Slutpriser bostäder - Upplandsgatan, Stockholms kommun",475103
160,"Slutpriser bostäder - Kammakargatan, Stockholms kommun",475104
472,"Slutpriser bostäder - Västmannagatan, Stockholms kommun",475105
47,"Slutpriser bostäder - Wallingatan, Stockholms kommun",475106
1,"Slutpriser bostäder - Bedoirsgränd, Stockholms kommun",475107
4,"Slutpriser bostäder - Didrik Ficks Gränd, Stockholms kommun",475108
0,"Slutpriser bostäder - Funckens Gränd, Stockholms kommun",475109
1,"Slutpriser bostäder - Gåsgränd, Stockholms kommun",475110
0,"Slutpriser bostäder - Gåstorget, Stockholms kommun",475111
0,"Slutpriser bostäder - Göran Hälsinges Gränd, Stockholms kommun",475112
3,"Slutpriser bostäder - Helga Lekamens Gränd, Stockholms kommun",475113
0,"Slutpriser bostäder - Ignatiigränd, Stockholms kommun",475114
1,"Slutpriser bostäder - Kornhamnstorg, Stockholms kommun",475115
4,"Slutpriser bostäder - Kåkbrinken, Stockholms kommun",475116
0,"Slutpriser bostäder - Lejonstedts Gränd, Stockholms kommun",475117
2,"Slutpriser bostäder - Munkbrogatan, Stockholms kommun",475118
6,"Slutpriser bostäder - Mälartorget, Stockholms kommun",475119
3,"Slutpriser bostäder - Schönfeldts Gränd, Stockholms kommun",475120
0,"Slutpriser bostäder - Skräddargränd, Stockholms kommun",475121
1,"Slutpriser bostäder - Stora Gråmunkegränd, Stockholms kommun",475122
14,"Slutpriser bostäder - Stora Nygatan, Stockholms kommun",475123
1,"Slutpriser bostäder - Sven Vintappares Gränd, Stockholms kommun",475124
0,"Slutpriser bostäder - Sven Vintappares torg, Stockholms kommun",475125
0,"Slutpriser bostäder - Torgdragargränd, Stockholms kommun",475126
6,"Slutpriser bostäder - Tyska Brinken, Stockholms kommun",475127
11,"Slutpriser bostäder - Yxsmedsgränd, Stockholms kommun",475128
0,"Slutpriser bostäder - Överskärargränd, Stockholms kommun",475129
0,"Slutpriser bostäder - Arkivgatan, Stockholms kommun",475130
0,"Slutpriser bostäder - Birger Jarls torg, Stockholms kommun",475131
0,"Slutpriser bostäder - Evert Taubes Terrass, Stockholms kommun",475132
0,"Slutpriser bostäder - Gymnasiegränd, Stockholms kommun",475133
0,"Slutpriser bostäder - Hebbes Trappa, Stockholms kommun",475134
0,"Slutpriser bostäder - Kanslikajen, Stockholms kommun",475135
35,"Slutpriser bostäder - Lilla Nygatan, Stockholms kommun",475136
0,"Slutpriser bostäder - Munkbrohamnen, Stockholms kommun",475137
0,"Slutpriser bostäder - Munkbroleden, Stockholms kommun",475138
0,"Slutpriser bostäder - Munkbron, Stockholms kommun",475139
0,"Slutpriser bostäder - Myntgatan, Stockholms kommun",475140
0,"Slutpriser bostäder - Mynttorget, Stockholms kommun",475141
0,"Slutpriser bostäder - Norra Riddarholmshamnen, Stockholms kommun",475142
0,"Slutpriser bostäder - Norrbro, Stockholms kommun",475143
0,"Slutpriser bostäder - Riddarholmskajen, Stockholms kommun",475144
0,"Slutpriser bostäder - Riddarhusgränd, Stockholms kommun",475145
0,"Slutpriser bostäder - Riddarhuskajen, Stockholms kommun",475146
0,"Slutpriser bostäder - Riddarhustorget, Stockholms kommun",475147
0,"Slutpriser bostäder - Riksgatan, Stockholms kommun",475148
0,"Slutpriser bostäder - Rådhusgränd, Stockholms kommun",475149
0,"Slutpriser bostäder - Salviigränd, Stockholms kommun",475150
0,"Slutpriser bostäder - Schering Rosenhanes Gränd, Stockholms kommun",475151
0,"Slutpriser bostäder - Storkyrkobrinken, Stockholms kommun",475152
0,"Slutpriser bostäder - Strömsborg, Stockholms kommun",475153
0,"Slutpriser bostäder - Strömsborgsbron, Stockholms kommun",475154
0,"Slutpriser bostäder - Södra Riddarholmshamnen, Stockholms kommun",475155
0,"Slutpriser bostäder - Tryckerigatan, Stockholms kommun",475156
0,"Slutpriser bostäder - Wrangelska backen, Stockholms kommun",475157
2,"Slutpriser bostäder - Ankargränd, Stockholms kommun",475158
0,"Slutpriser bostäder - Börshuset, Stockholms kommun",475159
6,"Slutpriser bostäder - Järntorget, Stockholms kommun",475160
0,"Slutpriser bostäder - Järntorgsgatan, Stockholms kommun",475161
0,"Slutpriser bostäder - Klockgjutargränd, Stockholms kommun",475162
0,"Slutpriser bostäder - Källargränd, Stockholms kommun",475163
0,"Slutpriser bostäder - Mårten Trotzigs Gränd, Stockholms kommun",475164
4,"Slutpriser bostäder - Prästgatan, Stockholms kommun",475165
2,"Slutpriser bostäder - Skomakargatan, Stockholms kommun",475166
0,"Slutpriser bostäder - Solgränd, Stockholms kommun",475167
1,"Slutpriser bostäder - Spektens Gränd, Stockholms kommun",475168
0,"Slutpriser bostäder - Stortorget, Stockholms kommun",475169
6,"Slutpriser bostäder - Svartmangatan, Stockholms kommun",475170
0,"Slutpriser bostäder - Triewaldsgränd, Stockholms kommun",475171
0,"Slutpriser bostäder - Trångsund, Stockholms kommun",475172
0,"Slutpriser bostäder - Tyska Brunnsplan, Stockholms kommun",475173
0,"Slutpriser bostäder - Tyska Stallplan, Stockholms kommun",475174
5,"Slutpriser bostäder - Västerlånggatan, Stockholms kommun",475175
6,"Slutpriser bostäder - Bredgränd, Stockholms kommun",475176
2,"Slutpriser bostäder - Brunnsgränd, Stockholms kommun",475177
0,"Slutpriser bostäder - Drakens Gränd, Stockholms kommun",475178
0,"Slutpriser bostäder - Ferkens Gränd, Stockholms kommun",475179
0,"Slutpriser bostäder - Finska Kyrkogränd, Stockholms kommun",475180
0,"Slutpriser bostäder - Gaffelgränd, Stockholms kommun",475181
0,"Slutpriser bostäder - Högvaktsterrassen, Stockholms kommun",475182
3,"Slutpriser bostäder - Johannesgränd, Stockholms kommun",475183
0,"Slutpriser bostäder - Karl Johans torg, Stockholms kommun",475184
0,"Slutpriser bostäder - Kråkgränd, Stockholms kommun",475185
0,"Slutpriser bostäder - Kungliga Slottet, Stockholms kommun",475186
0,"Slutpriser bostäder - Lejonbacken, Stockholms kommun",475187
0,"Slutpriser bostäder - Lilla Hoparegränd, Stockholms kommun",475188
0,"Slutpriser bostäder - Norra Bankogränd, Stockholms kommun",475189
0,"Slutpriser bostäder - Norra Dryckesgränd, Stockholms kommun",475190
0,"Slutpriser bostäder - Nygränd, Stockholms kommun",475191
0,"Slutpriser bostäder - Packhusgränd, Stockholms kommun",475192
4,"Slutpriser bostäder - Pelikansgränd, Stockholms kommun",475193
0,"Slutpriser bostäder - Pontonbryggan, Stockholms kommun",475194
0,"Slutpriser bostäder - Räntmästartrappan, Stockholms kommun",475195
3,"Slutpriser bostäder - Skeppar Karls Gränd, Stockholms kommun",475196
0,"Slutpriser bostäder - Skeppsbrokajen, Stockholms kommun",475197
4,"Slutpriser bostäder - Skeppsbron, Stockholms kommun",475198
1,"Slutpriser bostäder - Skottgränd, Stockholms kommun",475199
0,"Slutpriser bostäder - Slottsbacken, Stockholms kommun",475200
0,"Slutpriser bostäder - Slottskajen, Stockholms kommun",475201
0,"Slutpriser bostäder - Slussplan, Stockholms kommun",475202
2,"Slutpriser bostäder - Stora Hoparegränd, Stockholms kommun",475203
0,"Slutpriser bostäder - Strömparterren, Stockholms kommun",475204
0,"Slutpriser bostäder - Södra Bankogränd, Stockholms kommun",475205
0,"Slutpriser bostäder - Södra Dryckesgränd, Stockholms kommun",475206
2,"Slutpriser bostäder - Telegrafgränd, Stockholms kommun",475207
0,"Slutpriser bostäder - Tullgränd, Stockholms kommun",475208
4,"Slutpriser bostäder - Baggensgatan, Stockholms kommun",475209
3,"Slutpriser bostäder - Bollhusgränd, Stockholms kommun",475210
0,"Slutpriser bostäder - Fru Gunillas Gränd, Stockholms kommun",475211
4,"Slutpriser bostäder - Kindstugatan, Stockholms kommun",475212
0,"Slutpriser bostäder - Köpmanbrinken, Stockholms kommun",475213
13,"Slutpriser bostäder - Köpmangatan, Stockholms kommun",475214
0,"Slutpriser bostäder - Köpmantorget, Stockholms kommun",475215
0,"Slutpriser bostäder - Norra Benickebrinken, Stockholms kommun",475216
0,"Slutpriser bostäder - Peder Fredags Gränd, Stockholms kommun",475217
5,"Slutpriser bostäder - Själagårdsgatan, Stockholms kommun",475218
3,"Slutpriser bostäder - Skeppar Olofs Gränd, Stockholms kommun",475219
0,"Slutpriser bostäder - Staffan Sasses Gränd, Stockholms kommun",475220
0,"Slutpriser bostäder - Södra Benickebrinken, Stockholms kommun",475221
0,"Slutpriser bostäder - Trädgårdsgatan, Stockholms kommun",475222
0,"Slutpriser bostäder - Trädgårdstvärgränd, Stockholms kommun",475223
0,"Slutpriser bostäder - Tyska Skolgränd, Stockholms kommun",475224
5,"Slutpriser bostäder - Österlånggatan, Stockholms kommun",475225
385,"Slutpriser bostäder - Sveavägen, Stockholms kommun",475226
57,"Slutpriser bostäder - Holländargatan, Stockholms kommun",475227
4,"Slutpriser bostäder - Olofsgatan, Stockholms kommun",475228
28,"Slutpriser bostäder - Adolf Fredriks Kyrkogata, Stockholms kommun",475229
9,"Slutpriser bostäder - Apelbergsgatan, Stockholms kommun",475230
203,"Slutpriser bostäder - Luntmakargatan, Stockholms kommun",475231
10,"Slutpriser bostäder - Tunnelgatan, Stockholms kommun",475232
5,"Slutpriser bostäder - Brunnsgatan, Stockholms kommun",475233
60,"Slutpriser bostäder - David Bagares gata, Stockholms kommun",475234
0,"Slutpriser bostäder - Drottninghuset, Stockholms kommun",475235
14,"Slutpriser bostäder - Johannes plan, Stockholms kommun",475236
28,"Slutpriser bostäder - Johannesgatan, Stockholms kommun",475237
7,"Slutpriser bostäder - Malmskillnadsgatan, Stockholms kommun",475238
13,"Slutpriser bostäder - Drottninghusgränd, Stockholms kommun",475239
5,"Slutpriser bostäder - Jutas backe, Stockholms kommun",475240
95,"Slutpriser bostäder - Regeringsgatan, Stockholms kommun",475241
4,"Slutpriser bostäder - Smala Gränd, Stockholms kommun",475242
11,"Slutpriser bostäder - Snickarbacken, Stockholms kommun",475243
310,"Slutpriser bostäder - Döbelnsgatan, Stockholms kommun",475244
5,"Slutpriser bostäder - Rosengatan, Stockholms kommun",475245
179,"Slutpriser bostäder - Tegnérgatan, Stockholms kommun",475246
0,"Slutpriser bostäder - Norrlandsgatan, Stockholms kommun",475247
0,"Slutpriser bostäder - Jakobsbergsgatan, Stockholms kommun",475248
5,"Slutpriser bostäder - Lästmakargatan, Stockholms kommun",475249
0,"Slutpriser bostäder - Malmskillnadsgränd, Stockholms kommun",475250
0,"Slutpriser bostäder - Mellangatan, Stockholms kommun",475251
0,"Slutpriser bostäder - Birger Jarls Passage, Stockholms kommun",475252
592,"Slutpriser bostäder - Birger Jarlsgatan, Stockholms kommun",475253
0,"Slutpriser bostäder - Stureplan, Stockholms kommun",475254
0,"Slutpriser bostäder - Biblioteksgatan, Stockholms kommun",475255
0,"Slutpriser bostäder - Hamngatan, Stockholms kommun",475256
0,"Slutpriser bostäder - Norrmalmstorg, Stockholms kommun",475257
0,"Slutpriser bostäder - Smålandsgatan, Stockholms kommun",475258
0,"Slutpriser bostäder - Arsenalsgatan, Stockholms kommun",475259
0,"Slutpriser bostäder - Berzelii Park, Stockholms kommun",475260
0,"Slutpriser bostäder - Grevgränd, Stockholms kommun",475261
0,"Slutpriser bostäder - Jussi Björlings Allé, Stockholms kommun",475262
0,"Slutpriser bostäder - Karl XII:s torg, Stockholms kommun",475263
0,"Slutpriser bostäder - Kungsträdgården, Stockholms kommun",475264
0,"Slutpriser bostäder - Kungsträdgårdsgatan, Stockholms kommun",475265
0,"Slutpriser bostäder - Nybrohamnen, Stockholms kommun",475266
0,"Slutpriser bostäder - Nybropaviljongen, Stockholms kommun",475267
0,"Slutpriser bostäder - Nybroplan, Stockholms kommun",475268
0,"Slutpriser bostäder - Näckströmsgatan, Stockholms kommun",475269
0,"Slutpriser bostäder - Wahrendorffsgatan, Stockholms kommun",475270
0,"Slutpriser bostäder - Blasieholmsgatan, Stockholms kommun",475271
0,"Slutpriser bostäder - Blasieholmstorg, Stockholms kommun",475272
0,"Slutpriser bostäder - Hovslagargatan, Stockholms kommun",475273
0,"Slutpriser bostäder - Museikajen, Stockholms kommun",475274
0,"Slutpriser bostäder - Nybrokajen, Stockholms kommun",475275
0,"Slutpriser bostäder - Raoul Wallenbergs torg, Stockholms kommun",475276
0,"Slutpriser bostäder - Stallgatan, Stockholms kommun",475277
0,"Slutpriser bostäder - Strömkajen, Stockholms kommun",475278
0,"Slutpriser bostäder - Södra Blasieholmshamnen, Stockholms kommun",475279
0,"Slutpriser bostäder - Teatergatan, Stockholms kommun",475280
0,"Slutpriser bostäder - Våghusgränd, Stockholms kommun",475281
0,"Slutpriser bostäder - Amiralitetsbacken, Stockholms kommun",475282
0,"Slutpriser bostäder - Amiralitetshuset, Stockholms kommun",475283
0,"Slutpriser bostäder - Amiralitetsparken, Stockholms kommun",475284
0,"Slutpriser bostäder - Amiralsvägen, Stockholms kommun",475285
0,"Slutpriser bostäder - Batteriparken, Stockholms kommun",475286
0,"Slutpriser bostäder - Exercisplan, Stockholms kommun",475287
0,"Slutpriser bostäder - Flaggmansvägen, Stockholms kommun",475288
0,"Slutpriser bostäder - Holmamiralens torg, Stockholms kommun",475289
0,"Slutpriser bostäder - Holmamiralens väg, Stockholms kommun",475290
0,"Slutpriser bostäder - Kastellbacken, Stockholms kommun",475291
0,"Slutpriser bostäder - Kastellholmen, Stockholms kommun",475292
0,"Slutpriser bostäder - Kastellholmskajen, Stockholms kommun",475293
0,"Slutpriser bostäder - Kyrkslingan, Stockholms kommun",475294
0,"Slutpriser bostäder - Långa Raden, Stockholms kommun",475295
0,"Slutpriser bostäder - Slupskjulsvägen, Stockholms kommun",475296
0,"Slutpriser bostäder - Svensksundsvägen, Stockholms kommun",475297
0,"Slutpriser bostäder - Södra Brobänken, Stockholms kommun",475298
0,"Slutpriser bostäder - Tyghusplan, Stockholms kommun",475299
0,"Slutpriser bostäder - Örlogsvägen, Stockholms kommun",475300
0,"Slutpriser bostäder - Beridarbansgatan, Stockholms kommun",475301
0,"Slutpriser bostäder - Beridarebanan, Stockholms kommun",475302
0,"Slutpriser bostäder - Brunkebergsterrassen, Stockholms kommun",475303
0,"Slutpriser bostäder - Brunkebergstorg, Stockholms kommun",475304
0,"Slutpriser bostäder - Malmtorgsgatan, Stockholms kommun",475305
0,"Slutpriser bostäder - Smedjegången, Stockholms kommun",475306
0,"Slutpriser bostäder - Akademigränd, Stockholms kommun",475307
0,"Slutpriser bostäder - Brunkebergsfaret, Stockholms kommun",475308
0,"Slutpriser bostäder - Brunkebergsgatan, Stockholms kommun",475309
0,"Slutpriser bostäder - Fredsgatan, Stockholms kommun",475310
0,"Slutpriser bostäder - Gustav Adolfs torg, Stockholms kommun",475311
22,"Slutpriser bostäder - Herkulesgatan, Stockholms kommun",475312
0,"Slutpriser bostäder - Jakobs torg, Stockholms kommun",475313
0,"Slutpriser bostäder - Jakobsgatan, Stockholms kommun",475314
0,"Slutpriser bostäder - Karduansmakargatan, Stockholms kommun",475315
0,"Slutpriser bostäder - Klara Mälarstrand, Stockholms kommun",475316
0,"Slutpriser bostäder - Klara Södra Kyrkogata, Stockholms kommun",475317
22,"Slutpriser bostäder - Klara Tvärgränd, Stockholms kommun",475318
8,"Slutpriser bostäder - Klara Östra Kyrkogata, Stockholms kommun",475319
0,"Slutpriser bostäder - Klarafaret, Stockholms kommun",475320
0,"Slutpriser bostäder - Nils Ferlins torg, Stockholms kommun",475321
0,"Slutpriser bostäder - Rosenbad, Stockholms kommun",475322
0,"Slutpriser bostäder - Rödbodgatan, Stockholms kommun",475323
0,"Slutpriser bostäder - Rödbodtorget, Stockholms kommun",475324
0,"Slutpriser bostäder - Strömgatan, Stockholms kommun",475325
0,"Slutpriser bostäder - Tegelbacken, Stockholms kommun",475326
0,"Slutpriser bostäder - Tysta Marigången, Stockholms kommun",475327
19,"Slutpriser bostäder - Vattugatan, Stockholms kommun",475328
0,"Slutpriser bostäder - Gallerian, Stockholms kommun",475329
0,"Slutpriser bostäder - Galleriatorget, Stockholms kommun",475330
0,"Slutpriser bostäder - Kocksgränd, Stockholms kommun",475331
0,"Slutpriser bostäder - Kokstorget, Stockholms kommun",475332
0,"Slutpriser bostäder - Lantmäteribacken, Stockholms kommun",475333
0,"Slutpriser bostäder - Västra Trädgårdsgatan, Stockholms kommun",475334
0,"Slutpriser bostäder - Grytgjutargången, Stockholms kommun",475335
0,"Slutpriser bostäder - Hötorget, Stockholms kommun",475336
0,"Slutpriser bostäder - Hötorgsgången, Stockholms kommun",475337
0,"Slutpriser bostäder - Hötorgshallen, Stockholms kommun",475338
0,"Slutpriser bostäder - Oxtorget, Stockholms kommun",475339
0,"Slutpriser bostäder - Oxtorgsgatan, Stockholms kommun",475340
0,"Slutpriser bostäder - Oxtorgsgränd, Stockholms kommun",475341
0,"Slutpriser bostäder - Sergelarkaden, Stockholms kommun",475342
0,"Slutpriser bostäder - Sergelgatan, Stockholms kommun",475343
0,"Slutpriser bostäder - Sergelgången, Stockholms kommun",475344
0,"Slutpriser bostäder - Sergels torg, Stockholms kommun",475345
0,"Slutpriser bostäder - Slöjdgatan, Stockholms kommun",475346
2,"Slutpriser bostäder - Saltmätargatan, Stockholms kommun",475347
9,"Slutpriser bostäder - Tegnérlunden, Stockholms kommun",475348
0,"Slutpriser bostäder - Blekholmsgatan, Stockholms kommun",475349
34,"Slutpriser bostäder - Blekholmsterrassen, Stockholms kommun",475350
0,"Slutpriser bostäder - Blekholmstorget, Stockholms kommun",475351
0,"Slutpriser bostäder - Klara Strand, Stockholms kommun",475352
0,"Slutpriser bostäder - Klarabergsviadukten, Stockholms kommun",475353
0,"Slutpriser bostäder - Klaratorget, Stockholms kommun",475354
0,"Slutpriser bostäder - Nils Ericsons plan, Stockholms kommun",475355
0,"Slutpriser bostäder - Terminalslingan, Stockholms kommun",475356
0,"Slutpriser bostäder - Västra Järnvägsgatan, Stockholms kommun",475357
66,"Slutpriser bostäder - Nordenflychtsvägen, Stockholms kommun",475358
97,"Slutpriser bostäder - Pär Lagerkvists gata, Stockholms kommun",475359
17,"Slutpriser bostäder - Eyvind Johnsons gata, Stockholms kommun",475360
135,"Slutpriser bostäder - Franzéngatan, Stockholms kommun",475361
88,"Slutpriser bostäder - Harry Martinsons gata, Stockholms kommun",475362
188,"Slutpriser bostäder - Hornsbergs Strand, Stockholms kommun",475363
0,"Slutpriser bostäder - Hornsbergsvägen, Stockholms kommun",475364
295,"Slutpriser bostäder - Lindhagensgatan, Stockholms kommun",475365
0,"Slutpriser bostäder - Moa Martinsons torg, Stockholms kommun",475366
0,"Slutpriser bostäder - Mariedalsvägen, Stockholms kommun",475367
377,"Slutpriser bostäder - Sankt Göransgatan, Stockholms kommun",475368
0,"Slutpriser bostäder - Ekedalsgatan, Stockholms kommun",475369
137,"Slutpriser bostäder - Kellgrensgatan, Stockholms kommun",475370
167,"Slutpriser bostäder - Lindhagensterrassen, Stockholms kommun",475371
106,"Slutpriser bostäder - Lustgårdsgatan, Stockholms kommun",475372
161,"Slutpriser bostäder - Ulriksborgsgatan, Stockholms kommun",475373
165,"Slutpriser bostäder - Warfvinges väg, Stockholms kommun",475374
0,"Slutpriser bostäder - Akutvägen, Stockholms kommun",475375
0,"Slutpriser bostäder - Barnslingan, Stockholms kommun",475376
0,"Slutpriser bostäder - Barnstigen, Stockholms kommun",475377
50,"Slutpriser bostäder - Bågljusvägen, Stockholms kommun",475378
196,"Slutpriser bostäder - Drottningholmsvägen, Stockholms kommun",475379
0,"Slutpriser bostäder - Finsens väg, Stockholms kommun",475380
0,"Slutpriser bostäder - Friskvårdsvägen, Stockholms kommun",475381
48,"Slutpriser bostäder - Lilla Västerbron, Stockholms kommun",475382
0,"Slutpriser bostäder - Magnetvägen, Stockholms kommun",475383
53,"Slutpriser bostäder - Mariebergsgatan, Stockholms kommun",475384
0,"Slutpriser bostäder - Mariebergsporten, Stockholms kommun",475385
0,"Slutpriser bostäder - Maskinslingan, Stockholms kommun",475386
0,"Slutpriser bostäder - Patientvägen, Stockholms kommun",475387
20,"Slutpriser bostäder - Rålambshovsleden, Stockholms kommun",475388
0,"Slutpriser bostäder - Sankt Göransplan, Stockholms kommun",475389
0,"Slutpriser bostäder - Vuxenvägen, Stockholms kommun",475390
0,"Slutpriser bostäder - Vårdstigen, Stockholms kommun",475391
0,"Slutpriser bostäder - Vårdvägen, Stockholms kommun",475392
0,"Slutpriser bostäder - Fågelbärsgården, Stockholms kommun",475393
67,"Slutpriser bostäder - Garvar Lundins Gränd, Stockholms kommun",475394
35,"Slutpriser bostäder - Jakob Westinsgatan, Stockholms kommun",475395
28,"Slutpriser bostäder - Kungsholms Hamnplan, Stockholms kommun",475396
164,"Slutpriser bostäder - Norr Mälarstrand, Stockholms kommun",475397
0,"Slutpriser bostäder - Norr Mälarstrands Kajplatser, Stockholms kommun",475398
0,"Slutpriser bostäder - Ragnar Östbergs plan, Stockholms kommun",475399
0,"Slutpriser bostäder - Samuel Owens gata, Stockholms kommun",475400
24,"Slutpriser bostäder - Skillinggränd, Stockholms kommun",475401
88,"Slutpriser bostäder - Garvargatan, Stockholms kommun",475402
205,"Slutpriser bostäder - Hantverkargatan, Stockholms kommun",475403
31,"Slutpriser bostäder - Kungsholmstorg, Stockholms kommun",475404
57,"Slutpriser bostäder - Södra Agnegatan, Stockholms kommun",475405
180,"Slutpriser bostäder - John Ericssonsgatan, Stockholms kommun",475406
233,"Slutpriser bostäder - Pontonjärgatan, Stockholms kommun",475407
270,"Slutpriser bostäder - Bergsgatan, Stockholms kommun",475408
60,"Slutpriser bostäder - Pilgatan, Stockholms kommun",475409
108,"Slutpriser bostäder - Scheelegatan, Stockholms kommun",475410
0,"Slutpriser bostäder - Bolinders plan, Stockholms kommun",475411
27,"Slutpriser bostäder - Kaplansbacken, Stockholms kommun",475412
69,"Slutpriser bostäder - Kungsholms Kyrkoplan, Stockholms kommun",475413
29,"Slutpriser bostäder - Parmmätargatan, Stockholms kommun",475414
174,"Slutpriser bostäder - Pipersgatan, Stockholms kommun",475415
0,"Slutpriser bostäder - Serafimergränd, Stockholms kommun",475416
0,"Slutpriser bostäder - Serafimerstranden, Stockholms kommun",475417
407,"Slutpriser bostäder - Kungsklippan, Stockholms kommun",475418
476,"Slutpriser bostäder - Fleminggatan, Stockholms kommun",475419
141,"Slutpriser bostäder - Kungsbro Strand, Stockholms kommun",475420
299,"Slutpriser bostäder - Kungsholms Strand, Stockholms kommun",475421
0,"Slutpriser bostäder - Kungsholms Strandstig, Stockholms kommun",475422
0,"Slutpriser bostäder - Lennmans Trappgränd, Stockholms kommun",475423
0,"Slutpriser bostäder - Separatorgränd, Stockholms kommun",475424
0,"Slutpriser bostäder - Kungsbroplan, Stockholms kommun",475425
238,"Slutpriser bostäder - Kungsholmsgatan, Stockholms kommun",475426
5,"Slutpriser bostäder - Amarantergränd, Stockholms kommun",475427
0,"Slutpriser bostäder - Amarantertrappan, Stockholms kommun",475428
7,"Slutpriser bostäder - Coldinutrappan, Stockholms kommun",475429
53,"Slutpriser bostäder - Hjärnegatan, Stockholms kommun",475430
64,"Slutpriser bostäder - Norra Agnegatan, Stockholms kommun",475431
151,"Slutpriser bostäder - Wargentinsgatan, Stockholms kommun",475432
108,"Slutpriser bostäder - Celsiusgatan, Stockholms kommun",475433
67,"Slutpriser bostäder - Parkgatan, Stockholms kommun",475434
207,"Slutpriser bostäder - Polhemsgatan, Stockholms kommun",475435
44,"Slutpriser bostäder - Gambrinusgatan, Stockholms kommun",475436
6,"Slutpriser bostäder - Olof Gjödingsgatan, Stockholms kommun",475437
29,"Slutpriser bostäder - Grubbens gata, Stockholms kommun",475438
153,"Slutpriser bostäder - Inedalsgatan, Stockholms kommun",475439
224,"Slutpriser bostäder - Kronobergsgatan, Stockholms kommun",475440
0,"Slutpriser bostäder - Flemingtorget, Stockholms kommun",475441
729,"Slutpriser bostäder - Sankt Eriksgatan, Stockholms kommun",475442
0,"Slutpriser bostäder - Sankt Eriksterrassen, Stockholms kommun",475443
48,"Slutpriser bostäder - Ehrensvärdsgatan, Stockholms kommun",475444
0,"Slutpriser bostäder - Rålambshov, Stockholms kommun",475445
0,"Slutpriser bostäder - Smedsudden, Stockholms kommun",475446
0,"Slutpriser bostäder - Smedsuddsvägen, Stockholms kommun",475447
0,"Slutpriser bostäder - Västerbroplan, Stockholms kommun",475448
0,"Slutpriser bostäder - Västerbrovillan, Stockholms kommun",475449
54,"Slutpriser bostäder - Chapmansgatan, Stockholms kommun",475450
0,"Slutpriser bostäder - Chapmansgården, Stockholms kommun",475451
30,"Slutpriser bostäder - Jaktvarvsplan, Stockholms kommun",475452
13,"Slutpriser bostäder - Mitisgatan, Stockholms kommun",475453
43,"Slutpriser bostäder - Sven Rinmans gata, Stockholms kommun",475454
55,"Slutpriser bostäder - Ture Nermans Gränd, Stockholms kommun",475455
448,"Slutpriser bostäder - Fridhemsgatan, Stockholms kommun",475456
3,"Slutpriser bostäder - Fridhemsplan, Stockholms kommun",475457
210,"Slutpriser bostäder - Karlsviksgatan, Stockholms kommun",475458
173,"Slutpriser bostäder - Sysslomansgatan, Stockholms kommun",475459
119,"Slutpriser bostäder - Baltzar Von Platens gata, Stockholms kommun",475460
135,"Slutpriser bostäder - Gyllenborgsgatan, Stockholms kommun",475461
0,"Slutpriser bostäder - Lindhagensplan, Stockholms kommun",475462
11,"Slutpriser bostäder - Thorildsplan, Stockholms kommun",475463
66,"Slutpriser bostäder - Thorildsvägen, Stockholms kommun",475464
0,"Slutpriser bostäder - Böttigervägen, Stockholms kommun",475465
140,"Slutpriser bostäder - Creutzgatan, Stockholms kommun",475466
82,"Slutpriser bostäder - Geijersvägen, Stockholms kommun",475467
148,"Slutpriser bostäder - Kristinebergsvägen, Stockholms kommun",475468
14,"Slutpriser bostäder - Nicandervägen, Stockholms kommun",475469
0,"Slutpriser bostäder - Stiernhielmsvägen, Stockholms kommun",475470
129,"Slutpriser bostäder - Arbetargatan, Stockholms kommun",475471
256,"Slutpriser bostäder - Industrigatan, Stockholms kommun",475472
458,"Slutpriser bostäder - Alströmergatan, Stockholms kommun",475473
57,"Slutpriser bostäder - Gjutargatan, Stockholms kommun",475474
189,"Slutpriser bostäder - Igeldammsgatan, Stockholms kommun",475475
146,"Slutpriser bostäder - Svarvargatan, Stockholms kommun",475476
71,"Slutpriser bostäder - John Bergs plan, Stockholms kommun",475477
0,"Slutpriser bostäder - Stadshagen, Stockholms kommun",475478
0,"Slutpriser bostäder - Stadshagens Idrottsväg, Stockholms kommun",475479
24,"Slutpriser bostäder - Stadshagsplan, Stockholms kommun",475480
0,"Slutpriser bostäder - Stadshagsvägen, Stockholms kommun",475481
0,"Slutpriser bostäder - Welanders väg, Stockholms kommun",475482
21,"Slutpriser bostäder - Elersvägen, Stockholms kommun",475483
0,"Slutpriser bostäder - Mariedal, Stockholms kommun",475484
0,"Slutpriser bostäder - Strandbergsgatan, Stockholms kommun",475485
0,"Slutpriser bostäder - Bondesonsgatan, Stockholms kommun",475486
4,"Slutpriser bostäder - Hjalmar Söderbergs väg, Stockholms kommun",475487
2,"Slutpriser bostäder - Kristinebergs Slottsväg, Stockholms kommun",475488
58,"Slutpriser bostäder - Kristinebergs Strand, Stockholms kommun",475489
67,"Slutpriser bostäder - Levertinsgatan, Stockholms kommun",475490
198,"Slutpriser bostäder - Ola Hanssonsgatan, Stockholms kommun",475491
44,"Slutpriser bostäder - Olof Dalins väg, Stockholms kommun",475492
0,"Slutpriser bostäder - Onkel Adams väg, Stockholms kommun",475493
214,"Slutpriser bostäder - Lidnersgatan, Stockholms kommun",475494
118,"Slutpriser bostäder - Lidnersplan, Stockholms kommun",475495
78,"Slutpriser bostäder - Love Almqvists väg, Stockholms kommun",475496
33,"Slutpriser bostäder - Birger Sjöbergs väg, Stockholms kommun",475497
109,"Slutpriser bostäder - Fredhällsgatan, Stockholms kommun",475498
66,"Slutpriser bostäder - Orvar Odds väg, Stockholms kommun",475499
16,"Slutpriser bostäder - Snoilskyvägen, Stockholms kommun",475500
45,"Slutpriser bostäder - Adlerbethsgatan, Stockholms kommun",475501
177,"Slutpriser bostäder - Ernst Ahlgrens väg, Stockholms kommun",475502
89,"Slutpriser bostäder - Runiusgatan, Stockholms kommun",475503
165,"Slutpriser bostäder - Vitalisvägen, Stockholms kommun",475504
214,"Slutpriser bostäder - Frödingsvägen, Stockholms kommun",475505
277,"Slutpriser bostäder - Rålambsvägen, Stockholms kommun",475506
90,"Slutpriser bostäder - Atterbomsvägen, Stockholms kommun",475507
0,"Slutpriser bostäder - Lucidorsgatan, Stockholms kommun",475508
23,"Slutpriser bostäder - Messeniusgatan, Stockholms kommun",475509
227,"Slutpriser bostäder - Stagneliusvägen, Stockholms kommun",475510
27,"Slutpriser bostäder - Palmbladsvägen, Stockholms kommun",475511
1,"Slutpriser bostäder - Scheffersgatan, Stockholms kommun",475512
43,"Slutpriser bostäder - Svedbergsplan, Stockholms kommun",475513
0,"Slutpriser bostäder - Svedbergsstigen, Stockholms kommun",475514
108,"Slutpriser bostäder - Wennerbergsgatan, Stockholms kommun",475515
0,"Slutpriser bostäder - Hedbornsstigen, Stockholms kommun",475516
0,"Slutpriser bostäder - Konradsbergsgatan, Stockholms kommun",475517
0,"Slutpriser bostäder - Marieberg, Stockholms kommun",475518
0,"Slutpriser bostäder - Mariebergsavfarten, Stockholms kommun",475519
0,"Slutpriser bostäder - Signalgränd, Stockholms kommun",475520
0,"Slutpriser bostäder - Adolfsberg, Stockholms kommun",475521
0,"Slutpriser bostäder - Claestorp, Stockholms kommun",475522
92,"Slutpriser bostäder - Fyrverkarbacken, Stockholms kommun",475523
39,"Slutpriser bostäder - Gjörwellsgatan, Stockholms kommun",475524
38,"Slutpriser bostäder - Lagerlöfsgatan, Stockholms kommun",475525
0,"Slutpriser bostäder - Triewalds Malmgård, Stockholms kommun",475526
44,"Slutpriser bostäder - Wivalliusgatan, Stockholms kommun",475527
382,"Slutpriser bostäder - Essinge Brogata, Stockholms kommun",475528
2,"Slutpriser bostäder - Josefinavägen, Stockholms kommun",475529
0,"Slutpriser bostäder - Dagnyvägen, Stockholms kommun",475530
113,"Slutpriser bostäder - Disponentgatan, Stockholms kommun",475531
0,"Slutpriser bostäder - Luxbacken, Stockholms kommun",475532
193,"Slutpriser bostäder - Luxgatan, Stockholms kommun",475533
0,"Slutpriser bostäder - Montebellogatan, Stockholms kommun",475534
323,"Slutpriser bostäder - Primusgatan, Stockholms kommun",475535
305,"Slutpriser bostäder - Strålgatan, Stockholms kommun",475536
36,"Slutpriser bostäder - Eknäsvägen, Stockholms kommun",475537
7,"Slutpriser bostäder - Ensittarvägen, Stockholms kommun",475538
3,"Slutpriser bostäder - Eremitvägen, Stockholms kommun",475539
51,"Slutpriser bostäder - Essingeringen, Stockholms kommun",475540
30,"Slutpriser bostäder - Flottbrovägen, Stockholms kommun",475541
2,"Slutpriser bostäder - Gammelgårdsgränd, Stockholms kommun",475542
46,"Slutpriser bostäder - Gammelgårdsvägen, Stockholms kommun",475543
4,"Slutpriser bostäder - Junohällsvägen, Stockholms kommun",475544
0,"Slutpriser bostäder - Källbergsvägen, Stockholms kommun",475545
13,"Slutpriser bostäder - Norrskogsvägen, Stockholms kommun",475546
17,"Slutpriser bostäder - Segelbåtsvägen, Stockholms kommun",475547
1,"Slutpriser bostäder - Snipkroken, Stockholms kommun",475548
22,"Slutpriser bostäder - Stenshällsvägen, Stockholms kommun",475549
0,"Slutpriser bostäder - Stora Essingepåfarten, Stockholms kommun",475550
3,"Slutpriser bostäder - Strykerskevägen, Stockholms kommun",475551
1,"Slutpriser bostäder - Sällskapsvägen, Stockholms kommun",475552
13,"Slutpriser bostäder - Tvätterskevägen, Stockholms kommun",475553
2,"Slutpriser bostäder - Aluddsparken, Stockholms kommun",475554
0,"Slutpriser bostäder - Aluddsvägen, Stockholms kommun",475555
121,"Slutpriser bostäder - Badstrandsvägen, Stockholms kommun",475556
16,"Slutpriser bostäder - Essinge Högväg, Stockholms kommun",475557
10,"Slutpriser bostäder - Essinge Kyrkväg, Stockholms kommun",475558
1,"Slutpriser bostäder - Essingekroken, Stockholms kommun",475559
0,"Slutpriser bostäder - Rådlösavägen, Stockholms kommun",475560
1,"Slutpriser bostäder - Sjöstugugränd, Stockholms kommun",475561
12,"Slutpriser bostäder - Skogsmarksvägen, Stockholms kommun",475562
43,"Slutpriser bostäder - Stenkullavägen, Stockholms kommun",475563
0,"Slutpriser bostäder - Torggatan, Stockholms kommun",475564
108,"Slutpriser bostäder - Vänskapsvägen, Stockholms kommun",475565
7,"Slutpriser bostäder - Värdshusbacken, Stockholms kommun",475566
1,"Slutpriser bostäder - Värdshusslingan, Stockholms kommun",475567
22,"Slutpriser bostäder - Bergsmarksvägen, Stockholms kommun",475568
150,"Slutpriser bostäder - Essingestråket, Stockholms kommun",475569
73,"Slutpriser bostäder - Essingetorget, Stockholms kommun",475570
37,"Slutpriser bostäder - Patentgatan, Stockholms kommun",475571
10,"Slutpriser bostäder - Carl-Gustaf Lindstedts gata, Stockholms kommun",475572
33,"Slutpriser bostäder - Grubbensringen, Stockholms kommun",475573
3,"Slutpriser bostäder - Grubbenstorget, Stockholms kommun",475574
15,"Slutpriser bostäder - Ivan Oljelunds Gränd, Stockholms kommun",475575
7,"Slutpriser bostäder - Maria Sandels Gränd, Stockholms kommun",475576
25,"Slutpriser bostäder - P O Hallmans gata, Stockholms kommun",475577
0,"Slutpriser bostäder - Polhems Tvärgränd, Stockholms kommun",475578
10,"Slutpriser bostäder - Ångströmsgatan, Stockholms kommun",475579
153,"Slutpriser bostäder - Atlasgatan, Stockholms kommun",475580
55,"Slutpriser bostäder - Sankt Eriksplan, Stockholms kommun",475581
40,"Slutpriser bostäder - Atlasmuren, Stockholms kommun",475582
17,"Slutpriser bostäder - Lokstallsgatan, Stockholms kommun",475583
132,"Slutpriser bostäder - Vulcanusgatan, Stockholms kommun",475584
121,"Slutpriser bostäder - Völundsgatan, Stockholms kommun",475585
176,"Slutpriser bostäder - Odengatan, Stockholms kommun",475586
0,"Slutpriser bostäder - Odenplan, Stockholms kommun",475587
122,"Slutpriser bostäder - Sigtunagatan, Stockholms kommun",475588
0,"Slutpriser bostäder - Spelbomskans torg, Stockholms kommun",475589
234,"Slutpriser bostäder - Hälsingegatan, Stockholms kommun",475590
195,"Slutpriser bostäder - Vanadisvägen, Stockholms kommun",475591
0,"Slutpriser bostäder - Crafoords väg, Stockholms kommun",475592
454,"Slutpriser bostäder - Frejgatan, Stockholms kommun",475593
0,"Slutpriser bostäder - Gyldéngatan, Stockholms kommun",475594
7,"Slutpriser bostäder - Hagagränd, Stockholms kommun",475595
523,"Slutpriser bostäder - Karlbergsvägen, Stockholms kommun",475596
298,"Slutpriser bostäder - Norrtullsgatan, Stockholms kommun",475597
0,"Slutpriser bostäder - Observatorielunden, Stockholms kommun",475598
6,"Slutpriser bostäder - Sandåsgatan, Stockholms kommun",475599
243,"Slutpriser bostäder - Surbrunnsgatan, Stockholms kommun",475600
20,"Slutpriser bostäder - Vidargatan, Stockholms kommun",475601
41,"Slutpriser bostäder - Heimdalsgatan, Stockholms kommun",475602
120,"Slutpriser bostäder - Kungstensgatan, Stockholms kommun",475603
86,"Slutpriser bostäder - Observatoriegatan, Stockholms kommun",475604
203,"Slutpriser bostäder - Rådmansgatan, Stockholms kommun",475605
42,"Slutpriser bostäder - Vegagatan, Stockholms kommun",475606
147,"Slutpriser bostäder - Gävlegatan, Stockholms kommun",475607
5,"Slutpriser bostäder - Hedemoratäppan, Stockholms kommun",475608
0,"Slutpriser bostäder - Hudiksvallsgatan, Stockholms kommun",475609
28,"Slutpriser bostäder - Rödabergsbrinken, Stockholms kommun",475610
0,"Slutpriser bostäder - Sätertäppan, Stockholms kommun",475611
113,"Slutpriser bostäder - Torbjörn Klockares gata, Stockholms kommun",475612
27,"Slutpriser bostäder - Hälsingehöjden, Stockholms kommun",475613
25,"Slutpriser bostäder - Vanadisplan, Stockholms kommun",475614
87,"Slutpriser bostäder - Falugatan, Stockholms kommun",475615
15,"Slutpriser bostäder - Kadettgatan, Stockholms kommun",475616
0,"Slutpriser bostäder - Norra Station, Stockholms kommun",475617
54,"Slutpriser bostäder - Norra Stationsgatan, Stockholms kommun",475618
109,"Slutpriser bostäder - Rödabergsgatan, Stockholms kommun",475619
390,"Slutpriser bostäder - Rörstrandsgatan, Stockholms kommun",475620
5,"Slutpriser bostäder - Tempeltrappan, Stockholms kommun",475621
7,"Slutpriser bostäder - Väringgatan, Stockholms kommun",475622
202,"Slutpriser bostäder - Birkagatan, Stockholms kommun",475623
0,"Slutpriser bostäder - Birkaplan, Stockholms kommun",475624
193,"Slutpriser bostäder - Bråvallagatan, Stockholms kommun",475625
127,"Slutpriser bostäder - Robert Almströmsgatan, Stockholms kommun",475626
560,"Slutpriser bostäder - Tomtebogatan, Stockholms kommun",475627
0,"Slutpriser bostäder - Karlbergs Station, Stockholms kommun",475628
0,"Slutpriser bostäder - Lilla Tipphöjden, Stockholms kommun",475629
281,"Slutpriser bostäder - Norrbackagatan, Stockholms kommun",475630
0,"Slutpriser bostäder - Norrbackaviadukten, Stockholms kommun",475631
77,"Slutpriser bostäder - Drejargatan, Stockholms kommun",475632
183,"Slutpriser bostäder - Vikingagatan, Stockholms kommun",475633
0,"Slutpriser bostäder - Härdgången, Stockholms kommun",475634
36,"Slutpriser bostäder - Västeråsgatan, Stockholms kommun",475635
95,"Slutpriser bostäder - Dannemoragatan, Stockholms kommun",475636
82,"Slutpriser bostäder - Tre Liljor, Stockholms kommun",475637
135,"Slutpriser bostäder - Idungatan, Stockholms kommun",475638
0,"Slutpriser bostäder - Bellevuevägen, Stockholms kommun",475639
0,"Slutpriser bostäder - Brunnsviksvägen, Stockholms kommun",475640
0,"Slutpriser bostäder - Cedersdalsgatan, Stockholms kommun",475641
315,"Slutpriser bostäder - Hagagatan, Stockholms kommun",475642
0,"Slutpriser bostäder - Lögebodavägen, Stockholms kommun",475643
0,"Slutpriser bostäder - Norrtull, Stockholms kommun",475644
0,"Slutpriser bostäder - Stallmästaregården, Solna kommun",475645
0,"Slutpriser bostäder - Sveaplan, Stockholms kommun",475646
0,"Slutpriser bostäder - Vanadislunden, Stockholms kommun",475647
74,"Slutpriser bostäder - Ynglingagatan, Stockholms kommun",475648
0,"Slutpriser bostäder - Bertil Ohlins gata, Stockholms kommun",475649
60,"Slutpriser bostäder - Markvardsgatan, Stockholms kommun",475650
198,"Slutpriser bostäder - Tulegatan, Stockholms kommun",475651
94,"Slutpriser bostäder - Ingemarsgatan, Stockholms kommun",475652
588,"Slutpriser bostäder - Roslagsgatan, Stockholms kommun",475653
1,"Slutpriser bostäder - Jarlaplan, Stockholms kommun",475654
72,"Slutpriser bostäder - Rehnsgatan, Stockholms kommun",475655
62,"Slutpriser bostäder - Teknologgatan, Stockholms kommun",475656
14,"Slutpriser bostäder - Eastmansvägen, Stockholms kommun",475657
0,"Slutpriser bostäder - Hälsobrunnsgatan, Stockholms kommun",475658
17,"Slutpriser bostäder - Medevigatan, Stockholms kommun",475659
0,"Slutpriser bostäder - Olivecronas väg, Stockholms kommun",475660
0,"Slutpriser bostäder - Sabbatsbergsvägen, Stockholms kommun",475661
17,"Slutpriser bostäder - Torsgränd, Stockholms kommun",475662
7,"Slutpriser bostäder - Valentin Sabbats gata, Stockholms kommun",475663
190,"Slutpriser bostäder - Gästrikegatan, Stockholms kommun",475664
66,"Slutpriser bostäder - Torsplan, Stockholms kommun",475665
0,"Slutpriser bostäder - Forskarbacken, Stockholms kommun",475666
0,"Slutpriser bostäder - Amanuensvägen, Stockholms kommun",475667
0,"Slutpriser bostäder - Lektorsstigen, Stockholms kommun",475668
0,"Slutpriser bostäder - Professorsslingan, Stockholms kommun",475669
53,"Slutpriser bostäder - Docentbacken, Stockholms kommun",475670
91,"Slutpriser bostäder - Ekhagsvägen, Stockholms kommun",475671
0,"Slutpriser bostäder - Frescativägen, Stockholms kommun",475672
0,"Slutpriser bostäder - Gustafsborgsvägen, Stockholms kommun",475673
0,"Slutpriser bostäder - Lilla Frescativägen, Stockholms kommun",475674
0,"Slutpriser bostäder - Svante Arrhenius väg, Stockholms kommun",475675
65,"Slutpriser bostäder - Torphagsvägen, Stockholms kommun",475676
0,"Slutpriser bostäder - Universitetsvägen, Stockholms kommun",475677
0,"Slutpriser bostäder - Veit Wittrocks väg, Stockholms kommun",475678
0,"Slutpriser bostäder - Ålkistevägen, Stockholms kommun",475679
14,"Slutpriser bostäder - Åminnevägen, Stockholms kommun",475680
0,"Slutpriser bostäder - Baron Rålambs väg, Stockholms kommun",475681
0,"Slutpriser bostäder - Björnnäsvägen, Stockholms kommun",475682
0,"Slutpriser bostäder - Frescati Hagväg, Stockholms kommun",475683
0,"Slutpriser bostäder - Kräftriket, Stockholms kommun",475684
0,"Slutpriser bostäder - Roslagsvägen, Stockholms kommun",475685
7,"Slutpriser bostäder - Bigarråvägen, Stockholms kommun",475686
0,"Slutpriser bostäder - Brunbärsvägen, Stockholms kommun",475687
13,"Slutpriser bostäder - Roslagstullsbacken, Stockholms kommun",475688
31,"Slutpriser bostäder - Ruddammsbacken, Stockholms kommun",475689
74,"Slutpriser bostäder - Ruddammsvägen, Stockholms kommun",475690
553,"Slutpriser bostäder - Valhallavägen, Stockholms kommun",475691
88,"Slutpriser bostäder - Körsbärsvägen, Stockholms kommun",475692
24,"Slutpriser bostäder - Stickelbärsvägen, Stockholms kommun",475693
5,"Slutpriser bostäder - Bragevägen, Stockholms kommun",475694
178,"Slutpriser bostäder - Karlavägen, Stockholms kommun",475695
1,"Slutpriser bostäder - Verdandigatan, Stockholms kommun",475696
171,"Slutpriser bostäder - Östermalmsgatan, Stockholms kommun",475697
16,"Slutpriser bostäder - Fryxellsgatan, Stockholms kommun",475698
27,"Slutpriser bostäder - Lill-Jans plan, Stockholms kommun",475699
45,"Slutpriser bostäder - Danderydsgatan, Stockholms kommun",475700
0,"Slutpriser bostäder - Engelbrekts Kyrkogata, Stockholms kommun",475701
33,"Slutpriser bostäder - Stureparken, Stockholms kommun",475702
0,"Slutpriser bostäder - Baldersgatan, Stockholms kommun",475703
0,"Slutpriser bostäder - Friggagatan, Stockholms kommun",475704
0,"Slutpriser bostäder - Sköldungagatan, Stockholms kommun",475705
0,"Slutpriser bostäder - Tyrgatan, Stockholms kommun",475706
13,"Slutpriser bostäder - Uggelviksgatan, Stockholms kommun",475707
0,"Slutpriser bostäder - Brinellvägen, Stockholms kommun",475708
3,"Slutpriser bostäder - Drottning Kristinas väg, Stockholms kommun",475709
0,"Slutpriser bostäder - Lindstedtsvägen, Stockholms kommun",475710
0,"Slutpriser bostäder - Osquars backe, Stockholms kommun",475711
0,"Slutpriser bostäder - Osquldas väg, Stockholms kommun",475712
0,"Slutpriser bostäder - Teknikringen, Stockholms kommun",475713
0,"Slutpriser bostäder - Träskportsvägen, Stockholms kommun",475714
0,"Slutpriser bostäder - Uggleviksvägen, Stockholms kommun",475715
20,"Slutpriser bostäder - Runebergsgatan, Stockholms kommun",475716
54,"Slutpriser bostäder - Eriksbergsgatan, Stockholms kommun",475717
0,"Slutpriser bostäder - Eriksbergsparken, Stockholms kommun",475718
1,"Slutpriser bostäder - Hammargatan, Stockholms kommun",475719
3,"Slutpriser bostäder - Iversonsgatan, Stockholms kommun",475720
5,"Slutpriser bostäder - Lodgatan, Stockholms kommun",475721
4,"Slutpriser bostäder - Ordenstrappan, Stockholms kommun",475722
4,"Slutpriser bostäder - Stenbocksgatan, Stockholms kommun",475723
33,"Slutpriser bostäder - Floragatan, Stockholms kommun",475724
57,"Slutpriser bostäder - Engelbrektsgatan, Stockholms kommun",475725
0,"Slutpriser bostäder - Rimbogatan, Stockholms kommun",475726
11,"Slutpriser bostäder - Villagatan, Stockholms kommun",475727
0,"Slutpriser bostäder - Drottning Sofias väg, Stockholms kommun",475728
0,"Slutpriser bostäder - Fiskartorpsvägen, Stockholms kommun",475729
0,"Slutpriser bostäder - Lidingövägen, Stockholms kommun",475730
0,"Slutpriser bostäder - Olympiastadion, Stockholms kommun",475731
0,"Slutpriser bostäder - Planterhagsvägen, Stockholms kommun",475732
0,"Slutpriser bostäder - Engelbrektsplan, Stockholms kommun",475733
0,"Slutpriser bostäder - Ingmar Bergmans gata, Stockholms kommun",475734
244,"Slutpriser bostäder - Nybrogatan, Stockholms kommun",475735
90,"Slutpriser bostäder - Riddargatan, Stockholms kommun",475736
53,"Slutpriser bostäder - Sturegatan, Stockholms kommun",475737
0,"Slutpriser bostäder - Styckjunkargatan, Stockholms kommun",475738
13,"Slutpriser bostäder - Cardellgatan, Stockholms kommun",475739
101,"Slutpriser bostäder - Brahegatan, Stockholms kommun",475740
114,"Slutpriser bostäder - Grev Turegatan, Stockholms kommun",475741
139,"Slutpriser bostäder - Sibyllegatan, Stockholms kommun",475742
12,"Slutpriser bostäder - Östermalmstorg, Stockholms kommun",475743
22,"Slutpriser bostäder - Tyskbagargatan, Stockholms kommun",475744
118,"Slutpriser bostäder - Jungfrugatan, Stockholms kommun",475745
66,"Slutpriser bostäder - Storgatan, Stockholms kommun",475746
215,"Slutpriser bostäder - Artillerigatan, Stockholms kommun",475747
26,"Slutpriser bostäder - Nybergsgatan, Stockholms kommun",475748
0,"Slutpriser bostäder - Humlegården, Stockholms kommun",475749
3,"Slutpriser bostäder - Humlegårdsgatan, Stockholms kommun",475750
0,"Slutpriser bostäder - Sturegallerian, Stockholms kommun",475751
248,"Slutpriser bostäder - Linnégatan, Stockholms kommun",475752
9,"Slutpriser bostäder - Majorsgatan, Stockholms kommun",475753
115,"Slutpriser bostäder - Kommendörsgatan, Stockholms kommun",475754
1,"Slutpriser bostäder - Almlöfsgatan, Stockholms kommun",475755
14,"Slutpriser bostäder - Strandvägen, Stockholms kommun",475756
0,"Slutpriser bostäder - Väpnargatan, Stockholms kommun",475757
433,"Slutpriser bostäder - Skeppargatan, Stockholms kommun",475758
255,"Slutpriser bostäder - Grevgatan, Stockholms kommun",475759
168,"Slutpriser bostäder - Styrmansgatan, Stockholms kommun",475760
72,"Slutpriser bostäder - Grev Magnigatan, Stockholms kommun",475761
131,"Slutpriser bostäder - Banérgatan, Stockholms kommun",475762
0,"Slutpriser bostäder - Strandvägskajen, Stockholms kommun",475763
29,"Slutpriser bostäder - Torstenssonsgatan, Stockholms kommun",475764
15,"Slutpriser bostäder - Kaptensgatan, Stockholms kommun",475765
4,"Slutpriser bostäder - Bältgatan, Stockholms kommun",475766
49,"Slutpriser bostäder - Gumshornsgatan, Stockholms kommun",475767
56,"Slutpriser bostäder - Karlaplan, Stockholms kommun",475768
51,"Slutpriser bostäder - Narvavägen, Stockholms kommun",475769
16,"Slutpriser bostäder - Erik Dahlbergsallén, Stockholms kommun",475770
9,"Slutpriser bostäder - Lützengatan, Stockholms kommun",475771
5,"Slutpriser bostäder - Tysta gatan, Stockholms kommun",475772
0,"Slutpriser bostäder - Af Pontins väg, Stockholms kommun",475773
0,"Slutpriser bostäder - Alkärret, Stockholms kommun",475774
0,"Slutpriser bostäder - Allmänna Gränd, Stockholms kommun",475775
0,"Slutpriser bostäder - Andréegatan, Stockholms kommun",475776
0,"Slutpriser bostäder - Beckholmen, Stockholms kommun",475777
0,"Slutpriser bostäder - Beckholmsvägen, Stockholms kommun",475778
0,"Slutpriser bostäder - Bellmans väg, Stockholms kommun",475779
0,"Slutpriser bostäder - Bergsgränd, Stockholms kommun",475780
0,"Slutpriser bostäder - Bergsjölundsvägen, Stockholms kommun",475781
0,"Slutpriser bostäder - Biskopsvägen, Stockholms kommun",475782
0,"Slutpriser bostäder - Breda gatan, Stockholms kommun",475783
0,"Slutpriser bostäder - De Besches väg, Stockholms kommun",475784
0,"Slutpriser bostäder - Djurgårdsslätten, Stockholms kommun",475785
0,"Slutpriser bostäder - Djurgårdsvägen, Stockholms kommun",475786
0,"Slutpriser bostäder - Falkenbergsgatan, Stockholms kommun",475787
0,"Slutpriser bostäder - Fredrik Bloms väg, Stockholms kommun",475788
0,"Slutpriser bostäder - Galärparken, Stockholms kommun",475789
0,"Slutpriser bostäder - Galärvarvet, Stockholms kommun",475790
0,"Slutpriser bostäder - Galärvarvsvägen, Stockholms kommun",475791
0,"Slutpriser bostäder - Hazeliusbacken, Stockholms kommun",475792
0,"Slutpriser bostäder - Hazeliusporten, Stockholms kommun",475793
0,"Slutpriser bostäder - Israel Af Ströms väg, Stockholms kommun",475794
0,"Slutpriser bostäder - Junibacken, Stockholms kommun",475795
0,"Slutpriser bostäder - Lejonslätten, Stockholms kommun",475796
0,"Slutpriser bostäder - Lilla Allmänna Gränd, Stockholms kommun",475797
0,"Slutpriser bostäder - Lilla Varvsgränd, Stockholms kommun",475798
0,"Slutpriser bostäder - Lusthusporten, Stockholms kommun",475799
3,"Slutpriser bostäder - Långa gatan, Stockholms kommun",475800
0,"Slutpriser bostäder - Manillavägen, Stockholms kommun",475801
0,"Slutpriser bostäder - Nordenskiöldsgatan, Stockholms kommun",475802
0,"Slutpriser bostäder - Norra Varvsgatan, Stockholms kommun",475803
0,"Slutpriser bostäder - Norra Varvsporten, Stockholms kommun",475804
0,"Slutpriser bostäder - Orangerivägen, Stockholms kommun",475805
0,"Slutpriser bostäder - Prins Eugens väg, Stockholms kommun",475806
0,"Slutpriser bostäder - Rosendalsterrassen, Stockholms kommun",475807
0,"Slutpriser bostäder - Rosendalsvägen, Stockholms kommun",475808
0,"Slutpriser bostäder - Ryssviksvägen, Stockholms kommun",475809
0,"Slutpriser bostäder - Singelbacken, Stockholms kommun",475810
0,"Slutpriser bostäder - Sirishovsvägen, Stockholms kommun",475811
0,"Slutpriser bostäder - Sjömansgränd, Stockholms kommun",475812
0,"Slutpriser bostäder - Sollidsbacken, Stockholms kommun",475813
0,"Slutpriser bostäder - Södra Varvsporten, Stockholms kommun",475814
0,"Slutpriser bostäder - Valmundsvägen, Stockholms kommun",475815
0,"Slutpriser bostäder - Västra Vattugränd, Stockholms kommun",475816
0,"Slutpriser bostäder - Waldemarsudde, Stockholms kommun",475817
0,"Slutpriser bostäder - Wasahamnen, Stockholms kommun",475818
0,"Slutpriser bostäder - Östra Varvsgatan, Stockholms kommun",475819
0,"Slutpriser bostäder - Östra Varvsgatans Gränd, Stockholms kommun",475820
0,"Slutpriser bostäder - Östra Varvsporten, Stockholms kommun",475821
0,"Slutpriser bostäder - Östra Vattugränd, Stockholms kommun",475822
5,"Slutpriser bostäder - Fredrikshovsgatan, Stockholms kommun",475823
0,"Slutpriser bostäder - Lovisagatan, Stockholms kommun",475824
6,"Slutpriser bostäder - Ulrikagatan, Stockholms kommun",475825
19,"Slutpriser bostäder - Breitenfeldsgatan, Stockholms kommun",475826
157,"Slutpriser bostäder - Värtavägen, Stockholms kommun",475827
67,"Slutpriser bostäder - Wittstocksgatan, Stockholms kommun",475828
0,"Slutpriser bostäder - Blockhusringen, Stockholms kommun",475829
0,"Slutpriser bostäder - Djurgårdsbrunnsvägen, Stockholms kommun",475830
0,"Slutpriser bostäder - Edelstams väg, Stockholms kommun",475831
0,"Slutpriser bostäder - Hunduddsvägen, Stockholms kommun",475832
0,"Slutpriser bostäder - Kanalallén, Stockholms kommun",475833
0,"Slutpriser bostäder - Lidovägen, Stockholms kommun",475834
0,"Slutpriser bostäder - Prins Bertils väg, Stockholms kommun",475835
0,"Slutpriser bostäder - Prins Carls väg, Stockholms kommun",475836
0,"Slutpriser bostäder - Prinsessan Ingeborgs väg, Stockholms kommun",475837
0,"Slutpriser bostäder - Prinsessan Märtas väg, Stockholms kommun",475838
0,"Slutpriser bostäder - Rosenhillsvägen, Stockholms kommun",475839
0,"Slutpriser bostäder - Sjötullsbacken, Stockholms kommun",475840
49,"Slutpriser bostäder - Gyllenstiernsgatan, Stockholms kommun",475841
3,"Slutpriser bostäder - Taptogatan, Stockholms kommun",475842
0,"Slutpriser bostäder - Dag Hammarskjölds väg, Stockholms kommun",475843
0,"Slutpriser bostäder - Folke Bernadottes väg, Stockholms kommun",475844
0,"Slutpriser bostäder - Greve Von Essens väg, Stockholms kommun",475845
0,"Slutpriser bostäder - Gärdesgatan, Stockholms kommun",475846
0,"Slutpriser bostäder - Kaknäsvägen, Stockholms kommun",475847
0,"Slutpriser bostäder - Kruthusplan, Stockholms kommun",475848
0,"Slutpriser bostäder - Laboratoriegatan, Stockholms kommun",475849
0,"Slutpriser bostäder - Lindarängsvägen, Stockholms kommun",475850
0,"Slutpriser bostäder - Loudden, Stockholms kommun",475851
0,"Slutpriser bostäder - Louddsvägen, Stockholms kommun",475852
0,"Slutpriser bostäder - Museivägen, Stockholms kommun",475853
0,"Slutpriser bostäder - Mörka Kroken, Stockholms kommun",475854
0,"Slutpriser bostäder - Nobelgatan, Stockholms kommun",475855
60,"Slutpriser bostäder - Oxenstiernsgatan, Stockholms kommun",475856
5,"Slutpriser bostäder - Rigagatan, Stockholms kommun",475857
0,"Slutpriser bostäder - Rävgrytsbacken, Stockholms kommun",475858
0,"Slutpriser bostäder - Skarpögatan, Stockholms kommun",475859
371,"Slutpriser bostäder - Sandhamnsgatan, Stockholms kommun",475860
104,"Slutpriser bostäder - Sehlstedtsgatan, Stockholms kommun",475861
48,"Slutpriser bostäder - Tegeluddsvägen, Stockholms kommun",475862
84,"Slutpriser bostäder - Östhammarsgatan, Stockholms kommun",475863
23,"Slutpriser bostäder - De Geersgatan, Stockholms kommun",475864
68,"Slutpriser bostäder - Storskärsgatan, Stockholms kommun",475865
50,"Slutpriser bostäder - Ängskärsgatan, Stockholms kommun",475866
93,"Slutpriser bostäder - Strindbergsgatan, Stockholms kommun",475867
333,"Slutpriser bostäder - Erik Dahlbergsgatan, Stockholms kommun",475868
49,"Slutpriser bostäder - Blanchegatan, Stockholms kommun",475869
37,"Slutpriser bostäder - Hedinsgatan, Stockholms kommun",475870
29,"Slutpriser bostäder - Kallskärsgatan, Stockholms kommun",475871
145,"Slutpriser bostäder - Sandelsgatan, Stockholms kommun",475872
54,"Slutpriser bostäder - Armfeltsgatan, Stockholms kommun",475873
43,"Slutpriser bostäder - Olaus Petrigatan, Stockholms kommun",475874
137,"Slutpriser bostäder - Brantingsgatan, Stockholms kommun",475875
433,"Slutpriser bostäder - Rindögatan, Stockholms kommun",475876
388,"Slutpriser bostäder - Furusundsgatan, Stockholms kommun",475877
67,"Slutpriser bostäder - Kampementsgatan, Stockholms kommun",475878
358,"Slutpriser bostäder - Smedsbacksgatan, Stockholms kommun",475879
0,"Slutpriser bostäder - Sandhamnsplan, Stockholms kommun",475880
0,"Slutpriser bostäder - Andra Bassängvägen, Stockholms kommun",475881
0,"Slutpriser bostäder - Fjärde Bassängvägen, Stockholms kommun",475882
0,"Slutpriser bostäder - Första Bassängvägen, Stockholms kommun",475883
0,"Slutpriser bostäder - Hamburgsvägen, Stockholms kommun",475884
0,"Slutpriser bostäder - Hamnpirsvägen, Stockholms kommun",475885
0,"Slutpriser bostäder - Hangövägen, Stockholms kommun",475886
0,"Slutpriser bostäder - Inre Bassängkajen, Stockholms kommun",475887
0,"Slutpriser bostäder - Malmvägen, Stockholms kommun",475888
0,"Slutpriser bostäder - Norra Bassängkajen, Stockholms kommun",475889
0,"Slutpriser bostäder - Norra Hamnpirskajen, Stockholms kommun",475890
0,"Slutpriser bostäder - Norra Hamnpirsvägen, Stockholms kommun",475891
0,"Slutpriser bostäder - Södra Bassängkajen, Stockholms kommun",475892
0,"Slutpriser bostäder - Södra Hamnpirskajen, Stockholms kommun",475893
0,"Slutpriser bostäder - Södra Hamnvägen, Stockholms kommun",475894
0,"Slutpriser bostäder - Södra Kajen, Stockholms kommun",475895
0,"Slutpriser bostäder - Tredje Bassängvägen, Stockholms kommun",475896
0,"Slutpriser bostäder - Värtans Stationsväg, Stockholms kommun",475897
0,"Slutpriser bostäder - Yttre Hamnpirskajen, Stockholms kommun",475898
40,"Slutpriser bostäder - Ahlsellvägen, Stockholms kommun",475899
0,"Slutpriser bostäder - Andra Tvärvägen, Stockholms kommun",475900
89,"Slutpriser bostäder - Artemisgatan, Stockholms kommun",475901
0,"Slutpriser bostäder - Björnnäsbacken, Stockholms kommun",475902
0,"Slutpriser bostäder - Fisksjöängsvägen, Stockholms kommun",475903
0,"Slutpriser bostäder - Fågelhundsvägen, Stockholms kommun",475904
0,"Slutpriser bostäder - Första Tvärvägen, Stockholms kommun",475905
0,"Slutpriser bostäder - Gasverksvägen, Stockholms kommun",475906
0,"Slutpriser bostäder - Husarviksvägen, Stockholms kommun",475907
67,"Slutpriser bostäder - Högviltsgatan, Stockholms kommun",475908
10,"Slutpriser bostäder - Jägmästargatan, Stockholms kommun",475909
0,"Slutpriser bostäder - Kolargatan, Stockholms kommun",475910
0,"Slutpriser bostäder - Laduviksvägen, Stockholms kommun",475911
1,"Slutpriser bostäder - Lilla Skuggans väg, Stockholms kommun",475912
27,"Slutpriser bostäder - Nimrodsgatan, Stockholms kommun",475913
0,"Slutpriser bostäder - Norra Hamnvägen, Stockholms kommun",475914
0,"Slutpriser bostäder - Norra Kajen, Stockholms kommun",475915
0,"Slutpriser bostäder - Norra Kajvägen, Stockholms kommun",475916
0,"Slutpriser bostäder - Ropstensplan, Stockholms kommun",475917
0,"Slutpriser bostäder - Ropstensslingan, Stockholms kommun",475918
29,"Slutpriser bostäder - Skogvaktargatan, Stockholms kommun",475919
0,"Slutpriser bostäder - Stora Skuggans väg, Stockholms kommun",475920
0,"Slutpriser bostäder - Storängskroken, Stockholms kommun",475921
1,"Slutpriser bostäder - Storängsvägen, Stockholms kommun",475922
0,"Slutpriser bostäder - Tredje Tvärvägen, Stockholms kommun",475923
0,"Slutpriser bostäder - Vargstigen, Stockholms kommun",475924
59,"Slutpriser bostäder - Dianavägen, Stockholms kommun",475925
4,"Slutpriser bostäder - Hubertusgatan, Stockholms kommun",475926
0,"Slutpriser bostäder - Hubertusplan, Stockholms kommun",475927
44,"Slutpriser bostäder - Krångedevägen, Stockholms kommun",475928
45,"Slutpriser bostäder - Lanforsvägen, Stockholms kommun",475929
0,"Slutpriser bostäder - Midskogsgränd, Stockholms kommun",475930
44,"Slutpriser bostäder - Motalavägen, Stockholms kommun",475931
0,"Slutpriser bostäder - Porjusvägen, Stockholms kommun",475932
6,"Slutpriser bostäder - Rådjursstigen, Stockholms kommun",475933
0,"Slutpriser bostäder - Trollhättevägen, Stockholms kommun",475934
41,"Slutpriser bostäder - Untravägen, Stockholms kommun",475935
20,"Slutpriser bostäder - Wenströmsvägen, Stockholms kommun",475936
76,"Slutpriser bostäder - Älvkarleövägen, Stockholms kommun",475937
15,"Slutpriser bostäder - Bo Bergmans gata, Stockholms kommun",475938
67,"Slutpriser bostäder - Löjtnantsgatan, Stockholms kommun",475939
102,"Slutpriser bostäder - Starrängsringen, Stockholms kommun",475940
20,"Slutpriser bostäder - Carl Akrells gata, Stockholms kommun",475941
0,"Slutpriser bostäder - Borgvägen, Stockholms kommun",475942
0,"Slutpriser bostäder - Frihamnen, Stockholms kommun",475943
0,"Slutpriser bostäder - Frihamnsgatan, Stockholms kommun",475944
0,"Slutpriser bostäder - Liljas gata, Stockholms kommun",475945
0,"Slutpriser bostäder - Palermogatan, Stockholms kommun",475946
0,"Slutpriser bostäder - Tullvaktsvägen, Stockholms kommun",475947
32,"Slutpriser bostäder - Askrikegatan, Stockholms kommun",475948
0,"Slutpriser bostäder - Gillögagatan, Stockholms kommun",475949
0,"Slutpriser bostäder - Skvadronstigen, Stockholms kommun",475950
54,"Slutpriser bostäder - Studentbacken, Stockholms kommun",475951
0,"Slutpriser bostäder - Rökubbsgatan, Stockholms kommun",475952
120,"Slutpriser bostäder - Öregrundsgatan, Stockholms kommun",475953
0,"Slutpriser bostäder - Positionen, Stockholms kommun",475954
3,"Slutpriser bostäder - Fiskargatan, Stockholms kommun",475955
0,"Slutpriser bostäder - Glasbruksgatan, Stockholms kommun",475956
0,"Slutpriser bostäder - Höga stigen, Stockholms kommun",475957
173,"Slutpriser bostäder - Högbergsgatan, Stockholms kommun",475958
0,"Slutpriser bostäder - Katarina Kyrkobacke, Stockholms kommun",475959
19,"Slutpriser bostäder - Mosebacke torg, Stockholms kommun",475960
2,"Slutpriser bostäder - Mäster Mikaels gata, Stockholms kommun",475961
6,"Slutpriser bostäder - Roddargatan, Stockholms kommun",475962
48,"Slutpriser bostäder - Svartensgatan, Stockholms kommun",475963
0,"Slutpriser bostäder - Björns Trädgårdsgränd, Stockholms kommun",475964
289,"Slutpriser bostäder - Götgatan, Stockholms kommun",475965
0,"Slutpriser bostäder - Katarina Östra Kyrkogårdsgränd, Stockholms kommun",475966
1,"Slutpriser bostäder - Sandbacksgatan, Stockholms kommun",475967
177,"Slutpriser bostäder - Tjärhovsgatan, Stockholms kommun",475968
388,"Slutpriser bostäder - Folkungagatan, Stockholms kommun",475969
78,"Slutpriser bostäder - Nytorgsgatan, Stockholms kommun",475970
520,"Slutpriser bostäder - Bondegatan, Stockholms kommun",475971
226,"Slutpriser bostäder - Södermannagatan, Stockholms kommun",475972
204,"Slutpriser bostäder - Kocksgatan, Stockholms kommun",475973
447,"Slutpriser bostäder - Åsögatan, Stockholms kommun",475974
30,"Slutpriser bostäder - Kapellgränd, Stockholms kommun",475975
34,"Slutpriser bostäder - Katarina Västra Kyrkogata, Stockholms kommun",475976
212,"Slutpriser bostäder - Östgötagatan, Stockholms kommun",475977
141,"Slutpriser bostäder - Erstagatan, Stockholms kommun",475978
1,"Slutpriser bostäder - Fjällgatan, Stockholms kommun",475979
13,"Slutpriser bostäder - Lilla Erstagatan, Stockholms kommun",475980
0,"Slutpriser bostäder - Per Anders Fogelströms Terrass, Stockholms kommun",475981
135,"Slutpriser bostäder - Renstiernas gata, Stockholms kommun",475982
0,"Slutpriser bostäder - Sista Styverns Trappor, Stockholms kommun",475983
27,"Slutpriser bostäder - Stigbergsgatan, Stockholms kommun",475984
0,"Slutpriser bostäder - Tjärhovsplan, Stockholms kommun",475985
46,"Slutpriser bostäder - Borgmästargatan, Stockholms kommun",475986
0,"Slutpriser bostäder - Masthamnen, Stockholms kommun",475987
0,"Slutpriser bostäder - Stigbergsparken, Stockholms kommun",475988
741,"Slutpriser bostäder - Ringvägen, Stockholms kommun",475989
12,"Slutpriser bostäder - Duvnäsgatan, Stockholms kommun",475990
23,"Slutpriser bostäder - Gruvbacken, Stockholms kommun",475991
0,"Slutpriser bostäder - Kvastmakarbacken, Stockholms kommun",475992
0,"Slutpriser bostäder - Kvastmakartrappan, Stockholms kommun",475993
62,"Slutpriser bostäder - Ploggatan, Stockholms kommun",475994
45,"Slutpriser bostäder - Beckbrännarbacken, Stockholms kommun",475995
0,"Slutpriser bostäder - Bergsprängargränd, Stockholms kommun",475996
0,"Slutpriser bostäder - Klefbecks backe, Stockholms kommun",475997
78,"Slutpriser bostäder - Klippgatan, Stockholms kommun",475998
0,"Slutpriser bostäder - Lilla Mejtens Gränd, Stockholms kommun",475999
0,"Slutpriser bostäder - Mäster Pers Gränd, Stockholms kommun",476000
154,"Slutpriser bostäder - Skånegatan, Stockholms kommun",476001
0,"Slutpriser bostäder - Stora Mejtens Gränd, Stockholms kommun",476002
0,"Slutpriser bostäder - Lotsgatan, Stockholms kommun",476003
0,"Slutpriser bostäder - Skeppargränd, Stockholms kommun",476004
78,"Slutpriser bostäder - Sågargatan, Stockholms kommun",476005
56,"Slutpriser bostäder - Bjurholmsgatan, Stockholms kommun",476006
40,"Slutpriser bostäder - Brännerigatan, Stockholms kommun",476007
192,"Slutpriser bostäder - Gotlandsgatan, Stockholms kommun",476008
114,"Slutpriser bostäder - Malmgårdsvägen, Stockholms kommun",476009
384,"Slutpriser bostäder - Katarina Bangata, Stockholms kommun",476010
2,"Slutpriser bostäder - Nytorget, Stockholms kommun",476011
31,"Slutpriser bostäder - Närkesgatan, Stockholms kommun",476012
10,"Slutpriser bostäder - Sofiagatan, Stockholms kommun",476013
40,"Slutpriser bostäder - Alsnögatan, Stockholms kommun",476014
9,"Slutpriser bostäder - Barnängsgatan, Stockholms kommun",476015
25,"Slutpriser bostäder - Gaveliusgatan, Stockholms kommun",476016
0,"Slutpriser bostäder - Klockstapelsbacken, Stockholms kommun",476017
33,"Slutpriser bostäder - Nackagatan, Stockholms kommun",476018
0,"Slutpriser bostäder - Norra Hammarbyhamnen, Stockholms kommun",476019
133,"Slutpriser bostäder - Tegelviksgatan, Stockholms kommun",476020
0,"Slutpriser bostäder - Tegelviksplan, Stockholms kommun",476021
35,"Slutpriser bostäder - Tengdahlsgatan, Stockholms kommun",476022
37,"Slutpriser bostäder - Ljusterögatan, Stockholms kommun",476023
7,"Slutpriser bostäder - Barnängs Tvärgränd, Stockholms kommun",476024
47,"Slutpriser bostäder - Färgargårdstorget, Stockholms kommun",476025
41,"Slutpriser bostäder - Vintertullstorget, Stockholms kommun",476026
0,"Slutpriser bostäder - Danviksklippan, Stockholms kommun",476027
39,"Slutpriser bostäder - Hästholmsvägen, Stockholms kommun",476028
0,"Slutpriser bostäder - Blå Bodarna, Stockholms kommun",476029
0,"Slutpriser bostäder - Franska Bukten, Stockholms kommun",476030
0,"Slutpriser bostäder - Gula Gången, Stockholms kommun",476031
0,"Slutpriser bostäder - Katarinavägen, Stockholms kommun",476032
0,"Slutpriser bostäder - Mälarrampen, Stockholms kommun",476033
0,"Slutpriser bostäder - Norra Järngraven, Stockholms kommun",476034
0,"Slutpriser bostäder - Saltsjöbanans Station, Stockholms kommun",476035
0,"Slutpriser bostäder - Saltsjörampen, Stockholms kommun",476036
0,"Slutpriser bostäder - Saltsjöutfarten, Stockholms kommun",476037
0,"Slutpriser bostäder - Sjöbergsplan, Stockholms kommun",476038
0,"Slutpriser bostäder - Slussterrassen, Stockholms kommun",476039
0,"Slutpriser bostäder - Stadsgården, Stockholms kommun",476040
0,"Slutpriser bostäder - Stadsgårdens Kajplatser, Stockholms kommun",476041
0,"Slutpriser bostäder - Stadsgårdshamnen, Stockholms kommun",476042
0,"Slutpriser bostäder - Stadsgårdsleden, Stockholms kommun",476043
1,"Slutpriser bostäder - Södermalmstorg, Stockholms kommun",476044
44,"Slutpriser bostäder - Hökens gata, Stockholms kommun",476045
4,"Slutpriser bostäder - Klevgränd, Stockholms kommun",476046
6,"Slutpriser bostäder - Mariagränd, Stockholms kommun",476047
13,"Slutpriser bostäder - Peter Myndes backe, Stockholms kommun",476048
14,"Slutpriser bostäder - Urvädersgränd, Stockholms kommun",476049
9,"Slutpriser bostäder - Barnängsgränd, Stockholms kommun",476050
169,"Slutpriser bostäder - Blekingegatan, Stockholms kommun",476051
91,"Slutpriser bostäder - Bjurholmsplan, Stockholms kommun",476052
116,"Slutpriser bostäder - Ölandsgatan, Stockholms kommun",476053
0,"Slutpriser bostäder - Blecktornsbrinken, Stockholms kommun",476054
33,"Slutpriser bostäder - Blecktornsstigen, Stockholms kommun",476055
109,"Slutpriser bostäder - Metargatan, Stockholms kommun",476056
0,"Slutpriser bostäder - Notvarpsgränd, Stockholms kommun",476057
90,"Slutpriser bostäder - Bohusgatan, Stockholms kommun",476058
122,"Slutpriser bostäder - Rutger Fuchsgatan, Stockholms kommun",476059
7,"Slutpriser bostäder - Dörjgränd, Stockholms kommun",476060
21,"Slutpriser bostäder - Ljustergränd, Stockholms kommun",476061
4,"Slutpriser bostäder - Mjärdgränd, Stockholms kommun",476062
13,"Slutpriser bostäder - Nätgränd, Stockholms kommun",476063
16,"Slutpriser bostäder - Trålgränd, Stockholms kommun",476064
37,"Slutpriser bostäder - Tullgårdsgatan, Stockholms kommun",476065
383,"Slutpriser bostäder - Brännkyrkagatan, Stockholms kommun",476066
514,"Slutpriser bostäder - Hornsgatan, Stockholms kommun",476067
0,"Slutpriser bostäder - Hornskroken, Stockholms kommun",476068
286,"Slutpriser bostäder - Krukmakargatan, Stockholms kommun",476069
1,"Slutpriser bostäder - Ansgariegatan, Stockholms kommun",476070
1,"Slutpriser bostäder - Kolmårdsgränd, Stockholms kommun",476071
380,"Slutpriser bostäder - Lundagatan, Stockholms kommun",476072
12,"Slutpriser bostäder - Skinnarviksringen, Stockholms kommun",476073
51,"Slutpriser bostäder - Kristinehovsgatan, Stockholms kommun",476074
31,"Slutpriser bostäder - Varvsgatan, Stockholms kommun",476075
0,"Slutpriser bostäder - Högalids Kyrkväg, Stockholms kommun",476076
415,"Slutpriser bostäder - Högalidsgatan, Stockholms kommun",476077
0,"Slutpriser bostäder - Söder Mälarstrand, Stockholms kommun",476078
458,"Slutpriser bostäder - Heleneborgsgatan, Stockholms kommun",476079
52,"Slutpriser bostäder - Pålsundsgatan, Stockholms kommun",476080
0,"Slutpriser bostäder - Eolsgatan, Stockholms kommun",476081
4,"Slutpriser bostäder - Pålsundsparken, Stockholms kommun",476082
0,"Slutpriser bostäder - Alstaviksvägen, Stockholms kommun",476083
0,"Slutpriser bostäder - Karlshällsvägen, Stockholms kommun",476084
0,"Slutpriser bostäder - Knaperstavägen, Stockholms kommun",476085
67,"Slutpriser bostäder - Lorensbergsgatan, Stockholms kommun",476086
0,"Slutpriser bostäder - Långholmsbacken, Stockholms kommun",476087
171,"Slutpriser bostäder - Långholmsgatan, Stockholms kommun",476088
0,"Slutpriser bostäder - Långholmsmuren, Stockholms kommun",476089
0,"Slutpriser bostäder - Långholmsplan, Stockholms kommun",476090
1,"Slutpriser bostäder - Mälarvarvsbacken, Stockholms kommun",476091
0,"Slutpriser bostäder - Skutskepparvägen, Stockholms kommun",476092
0,"Slutpriser bostäder - Sofiebergsvägen, Stockholms kommun",476093
65,"Slutpriser bostäder - Borgargatan, Stockholms kommun",476094
35,"Slutpriser bostäder - Hornsbruksgatan, Stockholms kommun",476095
0,"Slutpriser bostäder - Hornstulls T-Banestation, Stockholms kommun",476096
29,"Slutpriser bostäder - Lignagatan, Stockholms kommun",476097
221,"Slutpriser bostäder - Folkskolegatan, Stockholms kommun",476098
27,"Slutpriser bostäder - Lindvallsgatan, Stockholms kommun",476099
60,"Slutpriser bostäder - Lindvallsplan, Stockholms kommun",476100
92,"Slutpriser bostäder - Tobaksspinnargatan, Stockholms kommun",476101
86,"Slutpriser bostäder - Verkstadsgatan, Stockholms kommun",476102
253,"Slutpriser bostäder - Bergsundsgatan, Stockholms kommun",476103
153,"Slutpriser bostäder - Bergsunds Strand, Stockholms kommun",476104
41,"Slutpriser bostäder - Hornstulls Strand, Stockholms kommun",476105
11,"Slutpriser bostäder - Liljeholmsbron, Stockholms kommun",476106
163,"Slutpriser bostäder - Slipgatan, Stockholms kommun",476107
43,"Slutpriser bostäder - Pokalvägen, Stockholms kommun",476108
70,"Slutpriser bostäder - Reimersholmsgatan, Stockholms kommun",476109
79,"Slutpriser bostäder - Drakenbergsgatan, Stockholms kommun",476110
0,"Slutpriser bostäder - Hornsviksstigen, Stockholms kommun",476111
0,"Slutpriser bostäder - Skarpskyttegatan, Stockholms kommun",476112
0,"Slutpriser bostäder - Skarpskyttestigen, Stockholms kommun",476113
0,"Slutpriser bostäder - Tantolundsvägen, Stockholms kommun",476114
48,"Slutpriser bostäder - Zinkens väg, Stockholms kommun",476115
52,"Slutpriser bostäder - Fredsborgsgatan, Stockholms kommun",476116
22,"Slutpriser bostäder - Förmansvägen, Stockholms kommun",476117
14,"Slutpriser bostäder - Ingenjörsvägen, Stockholms kommun",476118
0,"Slutpriser bostäder - Katrinebergsvägen, Stockholms kommun",476119
0,"Slutpriser bostäder - Liljeholmsstranden, Stockholms kommun",476120
0,"Slutpriser bostäder - Lövholmsbrinken, Stockholms kommun",476121
0,"Slutpriser bostäder - Lövholmsgränd, Stockholms kommun",476122
34,"Slutpriser bostäder - Lövholmsvägen, Stockholms kommun",476123
0,"Slutpriser bostäder - Mejerivägen, Stockholms kommun",476124
123,"Slutpriser bostäder - Sjöviksbacken, Stockholms kommun",476125
0,"Slutpriser bostäder - Sjövikskajen, Stockholms kommun",476126
0,"Slutpriser bostäder - Södertäljevägen, Stockholms kommun",476127
0,"Slutpriser bostäder - Transportvägen, Stockholms kommun",476128
0,"Slutpriser bostäder - Trekantsvägen, Stockholms kommun",476129
0,"Slutpriser bostäder - Upplagsvägen, Stockholms kommun",476130
0,"Slutpriser bostäder - Årsta Hamnväg, Stockholms kommun",476131
0,"Slutpriser bostäder - Årsta Skolgränd, Stockholms kommun",476132
21,"Slutpriser bostäder - Årstaskogs väg, Stockholms kommun",476133
0,"Slutpriser bostäder - Årstaängsvägen, Stockholms kommun",476134
106,"Slutpriser bostäder - Anders Reimers väg, Stockholms kommun",476135
66,"Slutpriser bostäder - Vindragarvägen, Stockholms kommun",476136
159,"Slutpriser bostäder - Sturehillsvägen, Stockholms kommun",476137
265,"Slutpriser bostäder - Sjöviksvägen, Stockholms kommun",476138
85,"Slutpriser bostäder - Årgångsgatan, Stockholms kommun",476139
26,"Slutpriser bostäder - Sjövikstorget, Stockholms kommun",476140
112,"Slutpriser bostäder - Vingårdsgatan, Stockholms kommun",476141
83,"Slutpriser bostäder - Vinodlargatan, Stockholms kommun",476142
32,"Slutpriser bostäder - Blekegatan, Stockholms kommun",476143
44,"Slutpriser bostäder - Grönbrinksgatan, Stockholms kommun",476144
45,"Slutpriser bostäder - Buteljgatan, Stockholms kommun",476145
0,"Slutpriser bostäder - Fredsborgstorget, Stockholms kommun",476146
41,"Slutpriser bostäder - Karaffgatan, Stockholms kommun",476147
118,"Slutpriser bostäder - Marieviksgatan, Stockholms kommun",476148
107,"Slutpriser bostäder - Katrinebergsbacken, Stockholms kommun",476149
75,"Slutpriser bostäder - Liljeholmsgränd, Stockholms kommun",476150
154,"Slutpriser bostäder - Liljeholmstorget, Stockholms kommun",476151
121,"Slutpriser bostäder - Liljeholmsvägen, Stockholms kommun",476152
171,"Slutpriser bostäder - Hildebergsvägen, Stockholms kommun",476153
8,"Slutpriser bostäder - Idaborgsvägen, Stockholms kommun",476154
95,"Slutpriser bostäder - Nybodaringen, Stockholms kommun",476155
330,"Slutpriser bostäder - Nybohovsbacken, Stockholms kommun",476156
98,"Slutpriser bostäder - Nybohovsgränd, Stockholms kommun",476157
1,"Slutpriser bostäder - Blommensbergsvägen, Stockholms kommun",476158
0,"Slutpriser bostäder - Fågelsångens Gårdsväg, Stockholms kommun",476159
71,"Slutpriser bostäder - Grenljusbacken, Stockholms kommun",476160
0,"Slutpriser bostäder - Lilla Fågelsången, Stockholms kommun",476161
105,"Slutpriser bostäder - Ljusstöparbacken, Stockholms kommun",476162
75,"Slutpriser bostäder - Sannadalsvägen, Stockholms kommun",476163
0,"Slutpriser bostäder - Stora Fågelsången, Stockholms kommun",476164
0,"Slutpriser bostäder - Vinterviksvägen, Stockholms kommun",476165
28,"Slutpriser bostäder - Eldarvägen, Stockholms kommun",476166
4,"Slutpriser bostäder - Gröndalshamnen, Stockholms kommun",476167
315,"Slutpriser bostäder - Gröndalsvägen, Stockholms kommun",476168
54,"Slutpriser bostäder - Lustigkullavägen, Stockholms kommun",476169
0,"Slutpriser bostäder - Lusuddsvägen, Stockholms kommun",476170
31,"Slutpriser bostäder - Maskinistgatan, Stockholms kommun",476171
16,"Slutpriser bostäder - Jungmansgränd, Stockholms kommun",476172
0,"Slutpriser bostäder - Matrosbacken, Stockholms kommun",476173
110,"Slutpriser bostäder - Ormbergsvägen, Stockholms kommun",476174
240,"Slutpriser bostäder - Sjöbjörnsvägen, Stockholms kommun",476175
13,"Slutpriser bostäder - Utkiksbacken, Stockholms kommun",476176
82,"Slutpriser bostäder - Bryggvägen, Stockholms kommun",476177
121,"Slutpriser bostäder - Fregattvägen, Stockholms kommun",476178
25,"Slutpriser bostäder - Fågelsångsvägen, Stockholms kommun",476179
18,"Slutpriser bostäder - Klyvarvägen, Stockholms kommun",476180
24,"Slutpriser bostäder - Skonertvägen, Stockholms kommun",476181
0,"Slutpriser bostäder - Ekensbergsbryggan, Stockholms kommun",476182
113,"Slutpriser bostäder - Ekensbergsvägen, Stockholms kommun",476183
0,"Slutpriser bostäder - Mörtviken, Stockholms kommun",476184
2,"Slutpriser bostäder - Mörtvikskroken, Stockholms kommun",476185
0,"Slutpriser bostäder - Milleniumhuset, Stockholms kommun",476186
122,"Slutpriser bostäder - Bastugatan, Stockholms kommun",476187
59,"Slutpriser bostäder - Bellmansgatan, Stockholms kommun",476188
0,"Slutpriser bostäder - Guldgränd, Stockholms kommun",476189
0,"Slutpriser bostäder - Hornsgatspåfarten, Stockholms kommun",476190
7,"Slutpriser bostäder - Maria Trappgränd, Stockholms kommun",476191
0,"Slutpriser bostäder - Pryssgränd, Stockholms kommun",476192
0,"Slutpriser bostäder - Pustegränd, Stockholms kommun",476193
0,"Slutpriser bostäder - Söder Mälarstrands Kajplatser, Stockholms kommun",476194
239,"Slutpriser bostäder - Tavastgatan, Stockholms kommun",476195
35,"Slutpriser bostäder - Bysistorget, Stockholms kommun",476196
4,"Slutpriser bostäder - Gamla Lundagatan, Stockholms kommun",476197
51,"Slutpriser bostäder - Ludvigsbergsgatan, Stockholms kommun",476198
2,"Slutpriser bostäder - Yttersta Tvärgränd, Stockholms kommun",476199
4,"Slutpriser bostäder - Blecktornsgränd, Stockholms kommun",476200
3,"Slutpriser bostäder - Skolgränd, Stockholms kommun",476201
0,"Slutpriser bostäder - Ugglegränd, Stockholms kommun",476202
23,"Slutpriser bostäder - Kattgränd, Stockholms kommun",476203
0,"Slutpriser bostäder - Lilla Skinnarviksgränd, Stockholms kommun",476204
124,"Slutpriser bostäder - Timmermansgatan, Stockholms kommun",476205
18,"Slutpriser bostäder - Torkel Knutssonsgatan, Stockholms kommun",476206
0,"Slutpriser bostäder - Banbrinken, Stockholms kommun",476207
39,"Slutpriser bostäder - Fatburstrappan, Stockholms kommun",476208
0,"Slutpriser bostäder - Folkungatrappan, Stockholms kommun",476209
8,"Slutpriser bostäder - Medborgarplatsen, Stockholms kommun",476210
0,"Slutpriser bostäder - Noe Arksfaret, Stockholms kommun",476211
4,"Slutpriser bostäder - Noe Arksgränden, Stockholms kommun",476212
61,"Slutpriser bostäder - Repslagargatan, Stockholms kommun",476213
0,"Slutpriser bostäder - Södra Stationsgatan, Stockholms kommun",476214
0,"Slutpriser bostäder - Carl Alberts Gränd, Stockholms kommun",476215
138,"Slutpriser bostäder - Magnus Ladulåsgatan, Stockholms kommun",476216
70,"Slutpriser bostäder - Möregatan, Stockholms kommun",476217
54,"Slutpriser bostäder - Siargatan, Stockholms kommun",476218
103,"Slutpriser bostäder - Swedenborgsgatan, Stockholms kommun",476219
87,"Slutpriser bostäder - Tjustgatan, Stockholms kommun",476220
67,"Slutpriser bostäder - Västgötagatan, Stockholms kommun",476221
0,"Slutpriser bostäder - Bangårdsgången, Stockholms kommun",476222
108,"Slutpriser bostäder - Fatburs Brunnsgata, Stockholms kommun",476223
29,"Slutpriser bostäder - Fatbursgatan, Stockholms kommun",476224
0,"Slutpriser bostäder - Södermalmsallén, Stockholms kommun",476225
45,"Slutpriser bostäder - Västgötagränd, Stockholms kommun",476226
5,"Slutpriser bostäder - Vartoftagatan, Stockholms kommun",476227
93,"Slutpriser bostäder - Flintbacken, Stockholms kommun",476228
25,"Slutpriser bostäder - Sockerbruksgränd, Stockholms kommun",476229
81,"Slutpriser bostäder - Tantogatan, Stockholms kommun",476230
0,"Slutpriser bostäder - Årsta Holmar, Stockholms kommun",476231
4,"Slutpriser bostäder - Ragvaldsgatan, Stockholms kommun",476232
78,"Slutpriser bostäder - Sankt Paulsgatan, Stockholms kommun",476233
39,"Slutpriser bostäder - Skaraborgsgatan, Stockholms kommun",476234
26,"Slutpriser bostäder - Fredmansgatan, Stockholms kommun",476235
39,"Slutpriser bostäder - Kvarngatan, Stockholms kommun",476236
28,"Slutpriser bostäder - Mariatorget, Stockholms kommun",476237
245,"Slutpriser bostäder - Wollmar Yxkullsgatan, Stockholms kommun",476238
59,"Slutpriser bostäder - Björngårdsgatan, Stockholms kommun",476239
158,"Slutpriser bostäder - Maria Prästgårdsgata, Stockholms kommun",476240
41,"Slutpriser bostäder - Doktor Abelins gata, Stockholms kommun",476241
23,"Slutpriser bostäder - Krukmakarbacken, Stockholms kommun",476242
17,"Slutpriser bostäder - Maria Skolgata, Stockholms kommun",476243
95,"Slutpriser bostäder - Rosenlundsgatan, Stockholms kommun",476244
63,"Slutpriser bostäder - Samaritgränd, Stockholms kommun",476245
28,"Slutpriser bostäder - Bengt Ekehjelmsgatan, Stockholms kommun",476246
36,"Slutpriser bostäder - Ekehjelmstorget, Stockholms kommun",476247
10,"Slutpriser bostäder - Högbergsbacken, Stockholms kommun",476248
79,"Slutpriser bostäder - Tjurbergsgatan, Stockholms kommun",476249
46,"Slutpriser bostäder - Assessorsgatan, Stockholms kommun",476250
83,"Slutpriser bostäder - Grindsgatan, Stockholms kommun",476251
155,"Slutpriser bostäder - Hallandsgatan, Stockholms kommun",476252
47,"Slutpriser bostäder - Allhelgonagatan, Stockholms kommun",476253
40,"Slutpriser bostäder - Dalslandsgatan, Stockholms kommun",476254
86,"Slutpriser bostäder - Helgagatan, Stockholms kommun",476255
56,"Slutpriser bostäder - Helgalunden, Stockholms kommun",476256
37,"Slutpriser bostäder - Älvsborgsgatan, Stockholms kommun",476257
45,"Slutpriser bostäder - Eriksdalsgatan, Stockholms kommun",476258
0,"Slutpriser bostäder - Havregatan, Stockholms kommun",476259
59,"Slutpriser bostäder - Råggatan, Stockholms kommun",476260
57,"Slutpriser bostäder - Timotejgatan, Stockholms kommun",476261
0,"Slutpriser bostäder - Vetegatan, Stockholms kommun",476262
5,"Slutpriser bostäder - Gräsgatan, Stockholms kommun",476263
0,"Slutpriser bostäder - Hammarby Slussväg, Stockholms kommun",476264
0,"Slutpriser bostäder - Skansbrogatan, Stockholms kommun",476265
0,"Slutpriser bostäder - Hjalmar Cederströms gata, Stockholms kommun",476266
4,"Slutpriser bostäder - Rapsgatan, Stockholms kommun",476267
0,"Slutpriser bostäder - Sachsgatan, Stockholms kommun",476268
0,"Slutpriser bostäder - Sjukhusbacken, Stockholms kommun",476269
54,"Slutpriser bostäder - Vickergatan, Stockholms kommun",476270
0,"Slutpriser bostäder - Åsötorget, Stockholms kommun",476271
76,"Slutpriser bostäder - Maria Bangata, Stockholms kommun",476272
4,"Slutpriser bostäder - Sköldgatan, Stockholms kommun",476273
192,"Slutpriser bostäder - Fatburs Kvarngata, Stockholms kommun",476274
12,"Slutpriser bostäder - Lehusens Gränd, Stockholms kommun",476275
19,"Slutpriser bostäder - Timmermansgränd, Stockholms kommun",476276
0,"Slutpriser bostäder - Luthens Gränd, Stockholms kommun",476277
0,"Slutpriser bostäder - Ekermans Gränd, Stockholms kommun",476278
14,"Slutpriser bostäder - Jägargatan, Stockholms kommun",476279
132,"Slutpriser bostäder - Marmorgatan, Stockholms kommun",476280
99,"Slutpriser bostäder - Tideliusgatan, Stockholms kommun",476281
0,"Slutpriser bostäder - Söderhallarna, Stockholms kommun",476282
0,"Slutpriser bostäder - Fredriksdalsvägen, Stockholms kommun",476283
299,"Slutpriser bostäder - Hammarby Allé, Stockholms kommun",476284
44,"Slutpriser bostäder - Hammarby Kaj, Stockholms kommun",476285
0,"Slutpriser bostäder - Hammarby Kajväg, Stockholms kommun",476286
96,"Slutpriser bostäder - Heliosgatan, Stockholms kommun",476287
0,"Slutpriser bostäder - Korphoppsgränd, Stockholms kommun",476288
0,"Slutpriser bostäder - Kölnavägen, Stockholms kommun",476289
0,"Slutpriser bostäder - Motorvägen, Stockholms kommun",476290
0,"Slutpriser bostäder - Mårtensdalsgatan, Stockholms kommun",476291
0,"Slutpriser bostäder - Skansbacken, Stockholms kommun",476292
0,"Slutpriser bostäder - Skansbron, Stockholms kommun",476293
0,"Slutpriser bostäder - Sundstabacken, Stockholms kommun",476294
30,"Slutpriser bostäder - Textilgatan, Stockholms kommun",476295
62,"Slutpriser bostäder - Virkesvägen, Stockholms kommun",476296
0,"Slutpriser bostäder - Glödlampsgränd, Stockholms kommun",476297
26,"Slutpriser bostäder - Ljusslingan, Stockholms kommun",476298
47,"Slutpriser bostäder - Lumaparksvägen, Stockholms kommun",476299
113,"Slutpriser bostäder - Fredriksdalsgatan, Stockholms kommun",476300
9,"Slutpriser bostäder - Hammarby Fabriksväg, Stockholms kommun",476301
200,"Slutpriser bostäder - Lugnets Allé, Stockholms kommun",476302
116,"Slutpriser bostäder - Midskeppsgatan, Stockholms kommun",476303
93,"Slutpriser bostäder - Skagersvägen, Stockholms kommun",476304
430,"Slutpriser bostäder - Sköntorpsvägen, Stockholms kommun",476305
0,"Slutpriser bostäder - Vindomsvägen, Stockholms kommun",476306
146,"Slutpriser bostäder - Ymsenvägen, Stockholms kommun",476307
110,"Slutpriser bostäder - Gullmarsvägen, Stockholms kommun",476308
81,"Slutpriser bostäder - Marviksvägen, Stockholms kommun",476309
0,"Slutpriser bostäder - Simlångsvägen, Stockholms kommun",476310
0,"Slutpriser bostäder - Skansberg, Stockholms kommun",476311
0,"Slutpriser bostäder - Skanshöjden, Stockholms kommun",476312
0,"Slutpriser bostäder - Skanskvarn, Stockholms kommun",476313
28,"Slutpriser bostäder - Steningevägen, Stockholms kommun",476314
0,"Slutpriser bostäder - Tydingevägen, Stockholms kommun",476315
0,"Slutpriser bostäder - Byängsgränd, Stockholms kommun",476316
0,"Slutpriser bostäder - Huddingevägen, Stockholms kommun",476317
0,"Slutpriser bostäder - Ostmästargränd, Stockholms kommun",476318
0,"Slutpriser bostäder - Sockengränd, Stockholms kommun",476319
0,"Slutpriser bostäder - Sockenvägen, Stockholms kommun",476320
0,"Slutpriser bostäder - Älvkällevägen, Stockholms kommun",476321
0,"Slutpriser bostäder - Brunnbyvägen, Stockholms kommun",476322
0,"Slutpriser bostäder - Ersta Gårdsväg, Stockholms kommun",476323
0,"Slutpriser bostäder - Fiskhallsvägen, Stockholms kommun",476324
0,"Slutpriser bostäder - Frukthandlarvägen, Stockholms kommun",476325
0,"Slutpriser bostäder - Grosshandlarvägen, Stockholms kommun",476326
0,"Slutpriser bostäder - Importörvägen, Stockholms kommun",476327
0,"Slutpriser bostäder - Marknadsvägen, Stockholms kommun",476328
0,"Slutpriser bostäder - Minuthandlarvägen, Stockholms kommun",476329
0,"Slutpriser bostäder - Partihandlarvägen, Stockholms kommun",476330
0,"Slutpriser bostäder - Postgårdsvägen, Stockholms kommun",476331
0,"Slutpriser bostäder - Producentvägen, Stockholms kommun",476332
0,"Slutpriser bostäder - Uppköparvägen, Stockholms kommun",476333
0,"Slutpriser bostäder - Åbyvägen, Stockholms kommun",476334
2,"Slutpriser bostäder - Bägerstavägen, Stockholms kommun",476335
4,"Slutpriser bostäder - Dammtrappgatan, Stockholms kommun",476336
5,"Slutpriser bostäder - Delägargatan, Stockholms kommun",476337
0,"Slutpriser bostäder - Enskede Gårdsväg, Stockholms kommun",476338
3,"Slutpriser bostäder - Föreningsvägen, Stockholms kommun",476339
3,"Slutpriser bostäder - Godsägarvägen, Stockholms kommun",476340
2,"Slutpriser bostäder - Herrgårdsvägen, Stockholms kommun",476341
7,"Slutpriser bostäder - Kålgårdsvägen, Stockholms kommun",476342
3,"Slutpriser bostäder - Medlemsvägen, Stockholms kommun",476343
75,"Slutpriser bostäder - Odelbergsvägen, Stockholms kommun",476344
1,"Slutpriser bostäder - Revisorsvägen, Stockholms kommun",476345
1,"Slutpriser bostäder - Rügenvägen, Stockholms kommun",476346
2,"Slutpriser bostäder - Usedomsvägen, Stockholms kommun",476347
1,"Slutpriser bostäder - Öselvägen, Stockholms kommun",476348
0,"Slutpriser bostäder - Drivhusvägen, Stockholms kommun",476349
45,"Slutpriser bostäder - Lindevägen, Stockholms kommun",476350
